Workbook

Sheet Hourly Bike-Ped Counts
B2: 700 S @ 1700 W - Intersection Count
B3: Date: 11.05.25
B4: Weather: Partly Cloudy/Cloudy - 70 H 49 L
F6: From | X6: To
F7: Road | J7: Bike Lane | N7: Bikeway | P7: Sidewalk | X7: Road | AB7: Bike Lane | AF7: Bikeway | AH7: Sidewalk | AP7: Car No Yield | AQ7: Car Yield | AR7: CG Car No Yield | AS7: CG Car Yield | AT7: Bike No Yield | AU7: Car in Bikeway | AV7: Ped Out of Crosswalk | AW7: Cargo Bike | AX7: Bike Passenger | AY7: Stroller | AZ7: Jogger | BA7: Dog | BB7: Backpack | BC7: Panniers | BD7: Bike Trailer
B8: 0 | C8: Totals | F8: W | G8: N | H8: E | I8: S | J8: N-W | K8: N-E | L8: S-E | M8: S-W | N8: W | O8: E | P8: W-S | Q8: W-N | R8: N-W | S8: N-E | T8: E-N | U8: E-S | V8: S-E | W8: S-W | X8: W | Y8: N | Z8: E | AA8: S | AB8: N-W | AC8: N-E | AD8: S-E | AE8: S-W | AF8: W | AG8: E | AH8: W-S | AI8: W-N | AJ8: N-W | AK8: N-E | AL8: E-N | AM8: E-S | AN8: S-E | AO8: S-W
B9: Pedestrian | C9: =SUM(F9:W9) -> 0 | E9: Pedestrian
B10: Bike | C10: =SUM(F10:W10) -> 0 | E10: Bike
B11: Scooter | C11: =SUM(F11:W11) -> 0 | E11: Scooter
B12: Other | C12: =SUM(F12:W12) -> 0 | E12: Other
C13: =SUM(C9:C12) -> 0
F15: From | X15: To
F16: Road | J16: Bike Lane | N16: Bikeway | P16: Sidewalk | X16: Road | AB16: Bike Lane | AF16: Bikeway | AH16: Sidewalk | AP16: Car No Yield | AQ16: Car Yield | AR16: CG Car No Yield | AS16: CG Car Yield | AT16: Bike No Yield | AU16: Car in Bikeway | AV16: Ped Out of Crosswalk | AW16: Cargo Bike | AX16: Bike Passenger | AY16: Stroller | AZ16: Jogger | BA16: Dog | BB16: Backpack | BC16: Panniers | BD16: Bike Trailer
B17: 0.010416667 | C17: Totals | F17: W | G17: N | H17: E | I17: S | J17: N-W | K17: N-E | L17: S-E | M17: S-W | N17: W | O17: E | P17: W-S | Q17: W-N | R17: N-W | S17: N-E | T17: E-N | U17: E-S | V17: S-E | W17: S-W | X17: W | Y17: N | Z17: E | AA17: S | AB17: N-W | AC17: N-E | AD17: S-E | AE17: S-W | AF17: W | AG17: E | AH17: W-S | AI17: W-N | AJ17: N-W | AK17: N-E | AL17: E-N | AM17: E-S | AN17: S-E | AO17: S-W
B18: Pedestrian | C18: =SUM(F18:W18) -> 0 | E18: Pedestrian
B19: Bike | C19: =SUM(F19:W19) -> 0 | E19: Bike
B20: Scooter | C20: =SUM(F20:W20) -> 0 | E20: Scooter
B21: Other | C21: =SUM(F21:W21) -> 0 | E21: Other
C22: =SUM(C18:C21) -> 0
F24: From | X24: To
F25: Road | J25: Bike Lane | N25: Bikeway | P25: Sidewalk | X25: Road | AB25: Bike Lane | AF25: Bikeway | AH25: Sidewalk | AP25: Car No Yield | AQ25: Car Yield | AR25: CG Car No Yield | AS25: CG Car Yield | AT25: Bike No Yield | AU25: Car in Bikeway | AV25: Ped Out of Crosswalk | AW25: Cargo Bike | AX25: Bike Passenger | AY25: Stroller | AZ25: Jogger | BA25: Dog | BB25: Backpack | BC25: Panniers | BD25: Bike Trailer
B26: 0.020833333 | C26: Totals | F26: W | G26: N | H26: E | I26: S | J26: N-W | K26: N-E | L26: S-E | M26: S-W | N26: W | O26: E | P26: W-S | Q26: W-N | R26: N-W | S26: N-E | T26: E-N | U26: E-S | V26: S-E | W26: S-W | X26: W | Y26: N | Z26: E | AA26: S | AB26: N-W | AC26: N-E | AD26: S-E | AE26: S-W | AF26: W | AG26: E | AH26: W-S | AI26: W-N | AJ26: N-W | AK26: N-E | AL26: E-N | AM26: E-S | AN26: S-E | AO26: S-W
B27: Pedestrian | C27: =SUM(F27:W27) -> 0 | E27: Pedestrian
B28: Bike | C28: =SUM(F28:W28) -> 0 | E28: Bike
B29: Scooter | C29: =SUM(F29:W29) -> 0 | E29: Scooter
B30: Other | C30: =SUM(F30:W30) -> 0 | E30: Other
C31: =SUM(C27:C30) -> 0
F33: From | X33: To
F34: Road | J34: Bike Lane | N34: Bikeway | P34: Sidewalk | X34: Road | AB34: Bike Lane | AF34: Bikeway | AH34: Sidewalk | AP34: Car No Yield | AQ34: Car Yield | AR34: CG Car No Yield | AS34: CG Car Yield | AT34: Bike No Yield | AU34: Car in Bikeway | AV34: Ped Out of Crosswalk | AW34: Cargo Bike | AX34: Bike Passenger | AY34: Stroller | AZ34: Jogger | BA34: Dog | BB34: Backpack | BC34: Panniers | BD34: Bike Trailer
B35: 0.03125 | C35: Totals | F35: W | G35: N | H35: E | I35: S | J35: N-W | K35: N-E | L35: S-E | M35: S-W | N35: W | O35: E | P35: W-S | Q35: W-N | R35: N-W | S35: N-E | T35: E-N | U35: E-S | V35: S-E | W35: S-W | X35: W | Y35: N | Z35: E | AA35: S | AB35: N-W | AC35: N-E | AD35: S-E | AE35: S-W | AF35: W | AG35: E | AH35: W-S | AI35: W-N | AJ35: N-W | AK35: N-E | AL35: E-N | AM35: E-S | AN35: S-E | AO35: S-W
B36: Pedestrian | C36: =SUM(F36:W36) -> 0 | E36: Pedestrian
B37: Bike | C37: =SUM(F37:W37) -> 0 | E37: Bike
B38: Scooter | C38: =SUM(F38:W38) -> 0 | E38: Scooter
B39: Other | C39: =SUM(F39:W39) -> 0 | E39: Other
C40: =SUM(C36:C39) -> 0
F42: From | X42: To
F43: Road | J43: Bike Lane | N43: Bikeway | P43: Sidewalk | X43: Road | AB43: Bike Lane | AF43: Bikeway | AH43: Sidewalk | AP43: Car No Yield | AQ43: Car Yield | AR43: CG Car No Yield | AS43: CG Car Yield | AT43: Bike No Yield | AU43: Car in Bikeway | AV43: Ped Out of Crosswalk | AW43: Cargo Bike | AX43: Bike Passenger | AY43: Stroller | AZ43: Jogger | BA43: Dog | BB43: Backpack | BC43: Panniers | BD43: Bike Trailer
B44: 0.041666667 | C44: Totals | F44: W | G44: N | H44: E | I44: S | J44: N-W | K44: N-E | L44: S-E | M44: S-W | N44: W | O44: E | P44: W-S | Q44: W-N | R44: N-W | S44: N-E | T44: E-N | U44: E-S | V44: S-E | W44: S-W | X44: W | Y44: N | Z44: E | AA44: S | AB44: N-W | AC44: N-E | AD44: S-E | AE44: S-W | AF44: W | AG44: E | AH44: W-S | AI44: W-N | AJ44: N-W | AK44: N-E | AL44: E-N | AM44: E-S | AN44: S-E | AO44: S-W
B45: Pedestrian | C45: =SUM(F45:W45) -> 0 | E45: Pedestrian
B46: Bike | C46: =SUM(F46:W46) -> 0 | E46: Bike
B47: Scooter | C47: =SUM(F47:W47) -> 0 | E47: Scooter
B48: Other | C48: =SUM(F48:W48) -> 0 | E48: Other
C49: =SUM(C45:C48) -> 0
F51: From | X51: To
F52: Road | J52: Bike Lane | N52: Bikeway | P52: Sidewalk | X52: Road | AB52: Bike Lane | AF52: Bikeway | AH52: Sidewalk | AP52: Car No Yield | AQ52: Car Yield | AR52: CG Car No Yield | AS52: CG Car Yield | AT52: Bike No Yield | AU52: Car in Bikeway | AV52: Ped Out of Crosswalk | AW52: Cargo Bike | AX52: Bike Passenger | AY52: Stroller | AZ52: Jogger | BA52: Dog | BB52: Backpack | BC52: Panniers | BD52: Bike Trailer
B53: 0.052083333 | C53: Totals | F53: W | G53: N | H53: E | I53: S | J53: N-W | K53: N-E | L53: S-E | M53: S-W | N53: W | O53: E | P53: W-S | Q53: W-N | R53: N-W | S53: N-E | T53: E-N | U53: E-S | V53: S-E | W53: S-W | X53: W | Y53: N | Z53: E | AA53: S | AB53: N-W | AC53: N-E | AD53: S-E | AE53: S-W | AF53: W | AG53: E | AH53: W-S | AI53: W-N | AJ53: N-W | AK53: N-E | AL53: E-N | AM53: E-S | AN53: S-E | AO53: S-W
B54: Pedestrian | C54: =SUM(F54:W54) -> 0 | E54: Pedestrian
B55: Bike | C55: =SUM(F55:W55) -> 0 | E55: Bike
B56: Scooter | C56: =SUM(F56:W56) -> 0 | E56: Scooter
B57: Other | C57: =SUM(F57:W57) -> 0 | E57: Other
C58: =SUM(C54:C57) -> 0
F60: From | X60: To
F61: Road | J61: Bike Lane | N61: Bikeway | P61: Sidewalk | X61: Road | AB61: Bike Lane | AF61: Bikeway | AH61: Sidewalk | AP61: Car No Yield | AQ61: Car Yield | AR61: CG Car No Yield | AS61: CG Car Yield | AT61: Bike No Yield | AU61: Car in Bikeway | AV61: Ped Out of Crosswalk | AW61: Cargo Bike | AX61: Bike Passenger | AY61: Stroller | AZ61: Jogger | BA61: Dog | BB61: Backpack | BC61: Panniers | BD61: Bike Trailer
B62: 0.0625 | C62: Totals | F62: W | G62: N | H62: E | I62: S | J62: N-W | K62: N-E | L62: S-E | M62: S-W | N62: W | O62: E | P62: W-S | Q62: W-N | R62: N-W | S62: N-E | T62: E-N | U62: E-S | V62: S-E | W62: S-W | X62: W | Y62: N | Z62: E | AA62: S | AB62: N-W | AC62: N-E | AD62: S-E | AE62: S-W | AF62: W | AG62: E | AH62: W-S | AI62: W-N | AJ62: N-W | AK62: N-E | AL62: E-N | AM62: E-S | AN62: S-E | AO62: S-W
B63: Pedestrian | C63: =SUM(F63:W63) -> 0 | E63: Pedestrian
B64: Bike | C64: =SUM(F64:W64) -> 0 | E64: Bike
B65: Scooter | C65: =SUM(F65:W65) -> 0 | E65: Scooter
B66: Other | C66: =SUM(F66:W66) -> 0 | E66: Other
C67: =SUM(C63:C66) -> 0
F69: From | X69: To
F70: Road | J70: Bike Lane | N70: Bikeway | P70: Sidewalk | X70: Road | AB70: Bike Lane | AF70: Bikeway | AH70: Sidewalk | AP70: Car No Yield | AQ70: Car Yield | AR70: CG Car No Yield | AS70: CG Car Yield | AT70: Bike No Yield | AU70: Car in Bikeway | AV70: Ped Out of Crosswalk | AW70: Cargo Bike | AX70: Bike Passenger | AY70: Stroller | AZ70: Jogger | BA70: Dog | BB70: Backpack | BC70: Panniers | BD70: Bike Trailer
B71: 0.072916667 | C71: Totals | F71: W | G71: N | H71: E | I71: S | J71: N-W | K71: N-E | L71: S-E | M71: S-W | N71: W | O71: E | P71: W-S | Q71: W-N | R71: N-W | S71: N-E | T71: E-N | U71: E-S | V71: S-E | W71: S-W | X71: W | Y71: N | Z71: E | AA71: S | AB71: N-W | AC71: N-E | AD71: S-E | AE71: S-W | AF71: W | AG71: E | AH71: W-S | AI71: W-N | AJ71: N-W | AK71: N-E | AL71: E-N | AM71: E-S | AN71: S-E | AO71: S-W
B72: Pedestrian | C72: =SUM(F72:W72) -> 0 | E72: Pedestrian
B73: Bike | C73: =SUM(F73:W73) -> 0 | E73: Bike
B74: Scooter | C74: =SUM(F74:W74) -> 0 | E74: Scooter
B75: Other | C75: =SUM(F75:W75) -> 0 | E75: Other
C76: =SUM(C72:C75) -> 0
F78: From | X78: To
F79: Road | J79: Bike Lane | N79: Bikeway | P79: Sidewalk | X79: Road | AB79: Bike Lane | AF79: Bikeway | AH79: Sidewalk | AP79: Car No Yield | AQ79: Car Yield | AR79: CG Car No Yield | AS79: CG Car Yield | AT79: Bike No Yield | AU79: Car in Bikeway | AV79: Ped Out of Crosswalk | AW79: Cargo Bike | AX79: Bike Passenger | AY79: Stroller | AZ79: Jogger | BA79: Dog | BB79: Backpack | BC79: Panniers | BD79: Bike Trailer
B80: 0.083333333 | C80: Totals | F80: W | G80: N | H80: E | I80: S | J80: N-W | K80: N-E | L80: S-E | M80: S-W | N80: W | O80: E | P80: W-S | Q80: W-N | R80: N-W | S80: N-E | T80: E-N | U80: E-S | V80: S-E | W80: S-W | X80: W | Y80: N | Z80: E | AA80: S | AB80: N-W | AC80: N-E | AD80: S-E | AE80: S-W | AF80: W | AG80: E | AH80: W-S | AI80: W-N | AJ80: N-W | AK80: N-E | AL80: E-N | AM80: E-S | AN80: S-E | AO80: S-W
B81: Pedestrian | C81: =SUM(F81:W81) -> 0 | E81: Pedestrian
B82: Bike | C82: =SUM(F82:W82) -> 0 | E82: Bike
B83: Scooter | C83: =SUM(F83:W83) -> 0 | E83: Scooter
B84: Other | C84: =SUM(F84:W84) -> 0 | E84: Other
C85: =SUM(C81:C84) -> 0
F87: From | X87: To
F88: Road | J88: Bike Lane | N88: Bikeway | P88: Sidewalk | X88: Road | AB88: Bike Lane | AF88: Bikeway | AH88: Sidewalk | AP88: Car No Yield | AQ88: Car Yield | AR88: CG Car No Yield | AS88: CG Car Yield | AT88: Bike No Yield | AU88: Car in Bikeway | AV88: Ped Out of Crosswalk | AW88: Cargo Bike | AX88: Bike Passenger | AY88: Stroller | AZ88: Jogger | BA88: Dog | BB88: Backpack | BC88: Panniers | BD88: Bike Trailer
B89: 0.09375 | C89: Totals | F89: W | G89: N | H89: E | I89: S | J89: N-W | K89: N-E | L89: S-E | M89: S-W | N89: W | O89: E | P89: W-S | Q89: W-N | R89: N-W | S89: N-E | T89: E-N | U89: E-S | V89: S-E | W89: S-W | X89: W | Y89: N | Z89: E | AA89: S | AB89: N-W | AC89: N-E | AD89: S-E | AE89: S-W | AF89: W | AG89: E | AH89: W-S | AI89: W-N | AJ89: N-W | AK89: N-E | AL89: E-N | AM89: E-S | AN89: S-E | AO89: S-W
B90: Pedestrian | C90: =SUM(F90:W90) -> 0 | E90: Pedestrian
B91: Bike | C91: =SUM(F91:W91) -> 0 | E91: Bike
B92: Scooter | C92: =SUM(F92:W92) -> 0 | E92: Scooter
B93: Other | C93: =SUM(F93:W93) -> 0 | E93: Other
C94: =SUM(C90:C93) -> 0
F96: From | X96: To
F97: Road | J97: Bike Lane | N97: Bikeway | P97: Sidewalk | X97: Road | AB97: Bike Lane | AF97: Bikeway | AH97: Sidewalk | AP97: Car No Yield | AQ97: Car Yield | AR97: CG Car No Yield | AS97: CG Car Yield | AT97: Bike No Yield | AU97: Car in Bikeway | AV97: Ped Out of Crosswalk | AW97: Cargo Bike | AX97: Bike Passenger | AY97: Stroller | AZ97: Jogger | BA97: Dog | BB97: Backpack | BC97: Panniers | BD97: Bike Trailer
B98: 0.10416667 | C98: Totals | F98: W | G98: N | H98: E | I98: S | J98: N-W | K98: N-E | L98: S-E | M98: S-W | N98: W | O98: E | P98: W-S | Q98: W-N | R98: N-W | S98: N-E | T98: E-N | U98: E-S | V98: S-E | W98: S-W | X98: W | Y98: N | Z98: E | AA98: S | AB98: N-W | AC98: N-E | AD98: S-E | AE98: S-W | AF98: W | AG98: E | AH98: W-S | AI98: W-N | AJ98: N-W | AK98: N-E | AL98: E-N | AM98: E-S | AN98: S-E | AO98: S-W
B99: Pedestrian | C99: =SUM(F99:W99) -> 0 | E99: Pedestrian
B100: Bike | C100: =SUM(F100:W100) -> 0 | E100: Bike
B101: Scooter | C101: =SUM(F101:W101) -> 0 | E101: Scooter
B102: Other | C102: =SUM(F102:W102) -> 0 | E102: Other
C103: =SUM(C99:C102) -> 0
F105: From | X105: To
F106: Road | J106: Bike Lane | N106: Bikeway | P106: Sidewalk | X106: Road | AB106: Bike Lane | AF106: Bikeway | AH106: Sidewalk | AP106: Car No Yield | AQ106: Car Yield | AR106: CG Car No Yield | AS106: CG Car Yield | AT106: Bike No Yield | AU106: Car in Bikeway | AV106: Ped Out of Crosswalk | AW106: Cargo Bike | AX106: Bike Passenger | AY106: Stroller | AZ106: Jogger | BA106: Dog | BB106: Backpack | BC106: Panniers | BD106: Bike Trailer
B107: 0.11458333 | C107: Totals | F107: W | G107: N | H107: E | I107: S | J107: N-W | K107: N-E | L107: S-E | M107: S-W | N107: W | O107: E | P107: W-S | Q107: W-N | R107: N-W | S107: N-E | T107: E-N | U107: E-S | V107: S-E | W107: S-W | X107: W | Y107: N | Z107: E | AA107: S | AB107: N-W | AC107: N-E | AD107: S-E | AE107: S-W | AF107: W | AG107: E | AH107: W-S | AI107: W-N | AJ107: N-W | AK107: N-E | AL107: E-N | AM107: E-S | AN107: S-E | AO107: S-W
B108: Pedestrian | C108: =SUM(F108:W108) -> 0 | E108: Pedestrian
B109: Bike | C109: =SUM(F109:W109) -> 0 | E109: Bike
B110: Scooter | C110: =SUM(F110:W110) -> 0 | E110: Scooter
B111: Other | C111: =SUM(F111:W111) -> 0 | E111: Other
C112: =SUM(C108:C111) -> 0
F114: From | X114: To
...

Sheet Count Summary
B2: 15-Minute Intervals | I2: 1-Hour Intervals
B3: Time | C3: Pedestrian | D3: Bike | E3: Scooter | F3: Other | G3: 15-min Total | I3: Time | J3: Pedestrian | K3: Bike | L3: Scooter | M3: Other | N3: Hourly Total
B4: 0 | C4: ='Hourly Bike-Ped Counts'!C9 -> 0 | D4: ='Hourly Bike-Ped Counts'!C10 -> 0 | E4: ='Hourly Bike-Ped Counts'!C11 -> 0 | F4: ='Hourly Bike-Ped Counts'!C12 -> 0 | G4: =SUM(C4:F4) -> 0 | I4: 0 | J4: =SUM(C4:C7) -> 0 | K4: =SUM(D4:D7) -> 0 | L4: =SUM(E4:E7) -> 0 | M4: =SUM(F4:F7) -> 0 | N4: =SUM(J4:M4) -> 0
B5: 0.010416667 | C5: ='Hourly Bike-Ped Counts'!C18 -> 0 | D5: ='Hourly Bike-Ped Counts'!C19 -> 0 | E5: ='Hourly Bike-Ped Counts'!C20 -> 0 | F5: ='Hourly Bike-Ped Counts'!C21 -> 0 | G5: =SUM(C5:F5) -> 0 | I5: 0.041666667 | J5: =SUM(C8:C11) -> 0 | K5: =SUM(D8:D11) -> 0 | L5: =SUM(E8:E11) -> 0 | M5: =SUM(F8:F11) -> 0 | N5: =SUM(J5:M5) -> 0
B6: 0.020833333 | C6: ='Hourly Bike-Ped Counts'!C27 -> 0 | D6: ='Hourly Bike-Ped Counts'!C28 -> 0 | E6: ='Hourly Bike-Ped Counts'!C29 -> 0 | F6: ='Hourly Bike-Ped Counts'!C30 -> 0 | G6: =SUM(C6:F6) -> 0 | I6: 0.083333333 | J6: =SUM(C12:C15) -> 0 | K6: =SUM(D12:D15) -> 0 | L6: =SUM(E12:E15) -> 0 | M6: =SUM(F12:F15) -> 0 | N6: =SUM(J6:M6) -> 0
B7: 0.03125 | C7: ='Hourly Bike-Ped Counts'!C36 -> 0 | D7: ='Hourly Bike-Ped Counts'!C37 -> 0 | E7: ='Hourly Bike-Ped Counts'!C38 -> 0 | F7: ='Hourly Bike-Ped Counts'!C40 -> 0 | G7: =SUM(C7:F7) -> 0 | I7: 0.125 | J7: =SUM(C16:C19) -> 0 | K7: =SUM(D16:D19) -> 0 | L7: =SUM(E16:E19) -> 0 | M7: =SUM(F16:F19) -> 0 | N7: =SUM(J7:M7) -> 0
B8: 0.041666667 | C8: ='Hourly Bike-Ped Counts'!C45 -> 0 | D8: ='Hourly Bike-Ped Counts'!C46 -> 0 | E8: ='Hourly Bike-Ped Counts'!C47 -> 0 | F8: ='Hourly Bike-Ped Counts'!C48 -> 0 | G8: =SUM(C8:F8) -> 0 | I8: 0.16666667 | J8: =SUM(C20:C23) -> 0 | K8: =SUM(D20:D23) -> 0 | L8: =SUM(E20:E23) -> 0 | M8: =SUM(F20:F23) -> 0 | N8: =SUM(J8:M8) -> 0
B9: 0.052083333 | C9: ='Hourly Bike-Ped Counts'!C54 -> 0 | D9: ='Hourly Bike-Ped Counts'!C55 -> 0 | E9: ='Hourly Bike-Ped Counts'!C56 -> 0 | F9: ='Hourly Bike-Ped Counts'!C57 -> 0 | G9: =SUM(C9:F9) -> 0 | I9: 0.20833333 | J9: =SUM(C24:C27) -> 7 | K9: =SUM(D24:D27) -> 0 | L9: =SUM(E24:E27) -> 0 | M9: =SUM(F24:F27) -> 0 | N9: =SUM(J9:M9) -> 7
B10: 0.0625 | C10: ='Hourly Bike-Ped Counts'!C563 -> 0 | D10: ='Hourly Bike-Ped Counts'!C64 -> 0 | E10: ='Hourly Bike-Ped Counts'!C65 -> 0 | F10: ='Hourly Bike-Ped Counts'!C66 -> 0 | G10: =SUM(C10:F10) -> 0 | I10: 0.25 | J10: =SUM(C28:C31) -> 17 | K10: =SUM(D28:D31) -> 2 | L10: =SUM(E28:E31) -> 0 | M10: =SUM(F28:F31) -> 0 | N10: =SUM(J10:M10) -> 19
B11: 0.072916667 | C11: ='Hourly Bike-Ped Counts'!C72 -> 0 | D11: ='Hourly Bike-Ped Counts'!C73 -> 0 | E11: ='Hourly Bike-Ped Counts'!C74 -> 0 | F11: ='Hourly Bike-Ped Counts'!C75 -> 0 | G11: =SUM(C11:F11) -> 0 | I11: 0.29166667 | J11: =SUM(C32:C35) -> 12 | K11: =SUM(D32:D35) -> 5 | L11: =SUM(E32:E35) -> 1 | M11: =SUM(F32:F35) -> 0 | N11: =SUM(J11:M11) -> 18
B12: 0.083333333 | C12: ='Hourly Bike-Ped Counts'!C81 -> 0 | D12: ='Hourly Bike-Ped Counts'!C82 -> 0 | E12: ='Hourly Bike-Ped Counts'!C83 -> 0 | F12: ='Hourly Bike-Ped Counts'!C84 -> 0 | G12: =SUM(C12:F12) -> 0 | I12: 0.33333333 | J12: =SUM(C36:C39) -> 27 | K12: =SUM(D36:D39) -> 51 | L12: =SUM(E36:E39) -> 69 | M12: =SUM(F36:F39) -> 0 | N12: =SUM(J12:M12) -> 147
B13: 0.09375 | C13: ='Hourly Bike-Ped Counts'!C90 -> 0 | D13: ='Hourly Bike-Ped Counts'!C91 -> 0 | E13: ='Hourly Bike-Ped Counts'!C92 -> 0 | F13: ='Hourly Bike-Ped Counts'!C93 -> 0 | G13: =SUM(C13:F13) -> 0 | I13: 0.375 | J13: =SUM(C40:C43) -> 42 | K13: =SUM(D40:D43) -> 25 | L13: =SUM(E40:E43) -> 18 | M13: =SUM(F40:F43) -> 0 | N13: =SUM(J13:M13) -> 85
B14: 0.10416667 | C14: ='Hourly Bike-Ped Counts'!C99 -> 0 | D14: ='Hourly Bike-Ped Counts'!C100 -> 0 | E14: ='Hourly Bike-Ped Counts'!C101 -> 0 | F14: ='Hourly Bike-Ped Counts'!C102 -> 0 | G14: =SUM(C14:F14) -> 0 | I14: 0.41666667 | J14: =SUM(C44:C47) -> 6 | K14: =SUM(D44:D47) -> 2 | L14: =SUM(E44:E47) -> 0 | M14: =SUM(F44:F47) -> 0 | N14: =SUM(J14:M14) -> 8
B15: 0.11458333 | C15: ='Hourly Bike-Ped Counts'!C108 -> 0 | D15: ='Hourly Bike-Ped Counts'!C109 -> 0 | E15: ='Hourly Bike-Ped Counts'!C110 -> 0 | F15: ='Hourly Bike-Ped Counts'!C111 -> 0 | G15: =SUM(C15:F15) -> 0 | I15: 0.45833333 | J15: =SUM(C48:C51) -> 5 | K15: =SUM(D48:D51) -> 2 | L15: =SUM(E48:E51) -> 0 | M15: =SUM(F48:F51) -> 0 | N15: =SUM(J15:M15) -> 7
B16: 0.125 | C16: ='Hourly Bike-Ped Counts'!C117 -> 0 | D16: ='Hourly Bike-Ped Counts'!C118 -> 0 | E16: ='Hourly Bike-Ped Counts'!C119 -> 0 | F16: ='Hourly Bike-Ped Counts'!C120 -> 0 | G16: =SUM(C16:F16) -> 0 | I16: 0.5 | J16: =SUM(C52:C55) -> 12 | K16: =SUM(D52:D55) -> 5 | L16: =SUM(E52:E55) -> 0 | M16: =SUM(F52:F55) -> 0 | N16: =SUM(J16:M16) -> 17
B17: 0.13541667 | C17: ='Hourly Bike-Ped Counts'!C126 -> 0 | D17: ='Hourly Bike-Ped Counts'!C127 -> 0 | E17: ='Hourly Bike-Ped Counts'!C128 -> 0 | F17: ='Hourly Bike-Ped Counts'!C129 -> 0 | G17: =SUM(C17:F17) -> 0 | I17: 0.54166667 | J17: =SUM(C56:C59) -> 6 | K17: =SUM(D56:D59) -> 2 | L17: =SUM(E56:E59) -> 1 | M17: =SUM(F56:F59) -> 0 | N17: =SUM(J17:M17) -> 9
B18: 0.14583333 | C18: ='Hourly Bike-Ped Counts'!C135 -> 0 | D18: ='Hourly Bike-Ped Counts'!C136 -> 0 | E18: ='Hourly Bike-Ped Counts'!C137 -> 0 | F18: ='Hourly Bike-Ped Counts'!C138 -> 0 | G18: =SUM(C18:F18) -> 0 | I18: 0.58333333 | J18: =SUM(C60:C63) -> 6 | K18: =SUM(D60:D63) -> 8 | L18: =SUM(E60:E63) -> 1 | M18: =SUM(F60:F63) -> 0 | N18: =SUM(J18:M18) -> 15
B19: 0.15625 | C19: ='Hourly Bike-Ped Counts'!C144 -> 0 | D19: ='Hourly Bike-Ped Counts'!C145 -> 0 | E19: ='Hourly Bike-Ped Counts'!C146 -> 0 | F19: ='Hourly Bike-Ped Counts'!C147 -> 0 | G19: =SUM(C19:F19) -> 0 | I19: 0.625 | J19: =SUM(C64:C67) -> 95 | K19: =SUM(D64:D67) -> 78 | L19: =SUM(E64:E67) -> 64 | M19: =SUM(F64:F67) -> 1 | N19: =SUM(J19:M19) -> 238
B20: 0.16666667 | C20: ='Hourly Bike-Ped Counts'!C153 -> 0 | D20: ='Hourly Bike-Ped Counts'!C154 -> 0 | E20: ='Hourly Bike-Ped Counts'!C155 -> 0 | F20: ='Hourly Bike-Ped Counts'!C156 -> 0 | G20: =SUM(C20:F20) -> 0 | I20: 0.66666667 | J20: =SUM(C68:C71) -> 15 | K20: =SUM(D68:D71) -> 2 | L20: =SUM(E68:E71) -> 1 | M20: =SUM(F68:F71) -> 0 | N20: =SUM(J20:M20) -> 18
B21: 0.17708333 | C21: ='Hourly Bike-Ped Counts'!C162 -> 0 | D21: ='Hourly Bike-Ped Counts'!C163 -> 0 | E21: ='Hourly Bike-Ped Counts'!C164 -> 0 | F21: ='Hourly Bike-Ped Counts'!C165 -> 0 | G21: =SUM(C21:F21) -> 0 | I21: 0.70833333 | J21: =SUM(C72:C75) -> 14 | K21: =SUM(D72:D75) -> 5 | L21: =SUM(E72:E75) -> 0 | M21: =SUM(F72:F75) -> 0 | N21: =SUM(J21:M21) -> 19
B22: 0.1875 | C22: ='Hourly Bike-Ped Counts'!C171 -> 0 | D22: ='Hourly Bike-Ped Counts'!C172 -> 0 | E22: ='Hourly Bike-Ped Counts'!C173 -> 0 | F22: ='Hourly Bike-Ped Counts'!C174 -> 0 | G22: =SUM(C22:F22) -> 0 | I22: 0.75 | J22: =SUM(C76:C79) -> 8 | K22: =SUM(D76:D79) -> 2 | L22: =SUM(E76:E79) -> 0 | M22: =SUM(F76:F79) -> 0 | N22: =SUM(J22:M22) -> 10
B23: 0.19791667 | C23: ='Hourly Bike-Ped Counts'!C180 -> 0 | D23: ='Hourly Bike-Ped Counts'!C181 -> 0 | E23: ='Hourly Bike-Ped Counts'!C182 -> 0 | F23: ='Hourly Bike-Ped Counts'!C183 -> 0 | G23: =SUM(C23:F23) -> 0 | I23: 0.79166667 | J23: =SUM(C80:C83) -> 3 | K23: =SUM(D80:D83) -> 0 | L23: =SUM(E80:E83) -> 0 | M23: =SUM(F80:F83) -> 0 | N23: =SUM(J23:M23) -> 3
B24: 0.20833333 | C24: ='Hourly Bike-Ped Counts'!C189 -> 0 | D24: ='Hourly Bike-Ped Counts'!C190 -> 0 | E24: ='Hourly Bike-Ped Counts'!C191 -> 0 | F24: ='Hourly Bike-Ped Counts'!C192 -> 0 | G24: =SUM(C24:F24) -> 0 | I24: 0.83333333 | J24: =SUM(C84:C87) -> 0 | K24: =SUM(D84:D87) -> 1 | L24: =SUM(E84:E87) -> 0 | M24: =SUM(F84:F87) -> 0 | N24: =SUM(J24:M24) -> 1
B25: 0.21875 | C25: ='Hourly Bike-Ped Counts'!C198 -> 1 | D25: ='Hourly Bike-Ped Counts'!C199 -> 0 | E25: ='Hourly Bike-Ped Counts'!C200 -> 0 | F25: ='Hourly Bike-Ped Counts'!C201 -> 0 | G25: =SUM(C25:F25) -> 1 | I25: 0.875 | J25: =SUM(C88:C91) -> 2 | K25: =SUM(D88:D91) -> 0 | L25: =SUM(E88:E91) -> 0 | M25: =SUM(F88:F91) -> 0 | N25: =SUM(J25:M25) -> 2
B26: 0.22916667 | C26: ='Hourly Bike-Ped Counts'!C207 -> 2 | D26: ='Hourly Bike-Ped Counts'!C208 -> 0 | E26: ='Hourly Bike-Ped Counts'!C209 -> 0 | F26: ='Hourly Bike-Ped Counts'!C210 -> 0 | G26: =SUM(C26:F26) -> 2 | I26: 0.91666667 | J26: =SUM(C92:C95) -> 0 | K26: =SUM(D92:D95) -> 0 | L26: =SUM(E92:E95) -> 2 | M26: =SUM(F92:F95) -> 0 | N26: =SUM(J26:M26) -> 2
B27: 0.23958333 | C27: ='Hourly Bike-Ped Counts'!C216 -> 4 | D27: ='Hourly Bike-Ped Counts'!C217 -> 0 | E27: ='Hourly Bike-Ped Counts'!C218 -> 0 | F27: ='Hourly Bike-Ped Counts'!C219 -> 0 | G27: =SUM(C27:F27) -> 4 | I27: 0.95833333 | J27: =SUM(C96:C99) -> 2 | K27: =SUM(D96:D99) -> 0 | L27: =SUM(E96:E99) -> 0 | M27: =SUM(F96:F99) -> 0 | N27: =SUM(J27:M27) -> 2
B28: 0.25 | C28: ='Hourly Bike-Ped Counts'!C225 -> 1 | D28: ='Hourly Bike-Ped Counts'!C226 -> 0 | E28: ='Hourly Bike-Ped Counts'!C227 -> 0 | F28: ='Hourly Bike-Ped Counts'!C228 -> 0 | G28: =SUM(C28:F28) -> 1 | I28: Total | J28: =SUM(J4:J27) -> 279 | K28: =SUM(K4:K27) -> 190 | L28: =SUM(L4:L27) -> 157 | M28: =SUM(M4:M27) -> 1 | N28: =SUM(N4:N27) -> 627
B29: 0.26041667 | C29: ='Hourly Bike-Ped Counts'!C234 -> 6 | D29: ='Hourly Bike-Ped Counts'!C235 -> 0 | E29: ='Hourly Bike-Ped Counts'!C236 -> 0 | F29: ='Hourly Bike-Ped Counts'!C237 -> 0 | G29: =SUM(C29:F29) -> 6
B30: 0.27083333 | C30: ='Hourly Bike-Ped Counts'!C243 -> 6 | D30: ='Hourly Bike-Ped Counts'!C244 -> 2 | E30: ='Hourly Bike-Ped Counts'!C245 -> 0 | F30: ='Hourly Bike-Ped Counts'!C246 -> 0 | G30: =SUM(C30:F30) -> 8
B31: 0.28125 | C31: ='Hourly Bike-Ped Counts'!C252 -> 4 | D31: ='Hourly Bike-Ped Counts'!C253 -> 0 | E31: ='Hourly Bike-Ped Counts'!C254 -> 0 | F31: ='Hourly Bike-Ped Counts'!C255 -> 0 | G31: =SUM(C31:F31) -> 4
B32: 0.29166667 | C32: ='Hourly Bike-Ped Counts'!C261 -> 5 | D32: ='Hourly Bike-Ped Counts'!C262 -> 0 | E32: ='Hourly Bike-Ped Counts'!C263 -> 1 | F32: ='Hourly Bike-Ped Counts'!C264 -> 0 | G32: =SUM(C32:F32) -> 6
B33: 0.30208333 | C33: ='Hourly Bike-Ped Counts'!C270 -> 5 | D33: ='Hourly Bike-Ped Counts'!C271 -> 4 | E33: ='Hourly Bike-Ped Counts'!C272 -> 0 | F33: ='Hourly Bike-Ped Counts'!C273 -> 0 | G33: =SUM(C33:F33) -> 9
B34: 0.3125 | C34: ='Hourly Bike-Ped Counts'!C279 -> 1 | D34: ='Hourly Bike-Ped Counts'!C280 -> 1 | E34: ='Hourly Bike-Ped Counts'!C281 -> 0 | F34: ='Hourly Bike-Ped Counts'!C282 -> 0 | G34: =SUM(C34:F34) -> 2
B35: 0.32291667 | C35: ='Hourly Bike-Ped Counts'!C288 -> 1 | D35: ='Hourly Bike-Ped Counts'!C289 -> 0 | E35: ='Hourly Bike-Ped Counts'!C290 -> 0 | F35: ='Hourly Bike-Ped Counts'!C291 -> 0 | G35: =SUM(C35:F35) -> 1
B36: 0.33333333 | C36: ='Hourly Bike-Ped Counts'!C297 -> 1 | D36: ='Hourly Bike-Ped Counts'!C298 -> 1 | E36: ='Hourly Bike-Ped Counts'!C299 -> 0 | F36: ='Hourly Bike-Ped Counts'!C300 -> 0 | G36: =SUM(C36:F36) -> 2
B37: 0.34375 | C37: ='Hourly Bike-Ped Counts'!C306 -> 5 | D37: ='Hourly Bike-Ped Counts'!C307 -> 2 | E37: ='Hourly Bike-Ped Counts'!C308 -> 0 | F37: ='Hourly Bike-Ped Counts'!C309 -> 0 | G37: =SUM(C37:F37) -> 7
B38: 0.35416667 | C38: ='Hourly Bike-Ped Counts'!C315 -> 3 | D38: ='Hourly Bike-Ped Counts'!C316 -> 7 | E38: ='Hourly Bike-Ped Counts'!C317 -> 6 | F38: ='Hourly Bike-Ped Counts'!C318 -> 0 | G38: =SUM(C38:F38) -> 16
B39: 0.36458333 | C39: ='Hourly Bike-Ped Counts'!C324 -> 18 | D39: ='Hourly Bike-Ped Counts'!C325 -> 41 | E39: ='Hourly Bike-Ped Counts'!C326 -> 63 | F39: ='Hourly Bike-Ped Counts'!C327 -> 0 | G39: =SUM(C39:F39) -> 122
B40: 0.375 | C40: ='Hourly Bike-Ped Counts'!C333 -> 28 | D40: ='Hourly Bike-Ped Counts'!C334 -> 25 | E40: ='Hourly Bike-Ped Counts'!C335 -> 18 | F40: ='Hourly Bike-Ped Counts'!C336 -> 0 | G40: =SUM(C40:F40) -> 71
B41: 0.38541667 | C41: ='Hourly Bike-Ped Counts'!C342 -> 4 | D41: ='Hourly Bike-Ped Counts'!C343 -> 0 | E41: ='Hourly Bike-Ped Counts'!C344 -> 0 | F41: ='Hourly Bike-Ped Counts'!C345 -> 0 | G41: =SUM(C41:F41) -> 4
B42: 0.39583333 | C42: ='Hourly Bike-Ped Counts'!C351 -> 1 | D42: ='Hourly Bike-Ped Counts'!C352 -> 0 | E42: ='Hourly Bike-Ped Counts'!C353 -> 0 | F42: ='Hourly Bike-Ped Counts'!C354 -> 0 | G42: =SUM(C42:F42) -> 1
B43: 0.40625 | C43: ='Hourly Bike-Ped Counts'!C360 -> 9 | D43: ='Hourly Bike-Ped Counts'!C361 -> 0 | E43: ='Hourly Bike-Ped Counts'!C362 -> 0 | F43: ='Hourly Bike-Ped Counts'!C363 -> 0 | G43: =SUM(C43:F43) -> 9
B44: 0.41666667 | C44: ='Hourly Bike-Ped Counts'!C369 -> 4 | D44: ='Hourly Bike-Ped Counts'!C370 -> 1 | E44: ='Hourly Bike-Ped Counts'!C371 -> 0 | F44: ='Hourly Bike-Ped Counts'!C372 -> 0 | G44: =SUM(C44:F44) -> 5
B45: 0.42708333 | C45: ='Hourly Bike-Ped Counts'!C378 -> 1 | D45: ='Hourly Bike-Ped Counts'!C379 -> 1 | E45: ='Hourly Bike-Ped Counts'!C380 -> 0 | F45: ='Hourly Bike-Ped Counts'!C381 -> 0 | G45: =SUM(C45:F45) -> 2
B46: 0.4375 | C46: ='Hourly Bike-Ped Counts'!C387 -> 1 | D46: ='Hourly Bike-Ped Counts'!C388 -> 0 | E46: ='Hourly Bike-Ped Counts'!C389 -> 0 | F46: ='Hourly Bike-Ped Counts'!C390 -> 0 | G46: =SUM(C46:F46) -> 1
B47: 0.44791667 | C47: ='Hourly Bike-Ped Counts'!C396 -> 0 | D47: ='Hourly Bike-Ped Counts'!C397 -> 0 | E47: ='Hourly Bike-Ped Counts'!C398 -> 0 | F47: ='Hourly Bike-Ped Counts'!C399 -> 0 | G47: =SUM(C47:F47) -> 0
B48: 0.45833333 | C48: ='Hourly Bike-Ped Counts'!C405 -> 0 | D48: ='Hourly Bike-Ped Counts'!C406 -> 0 | E48: ='Hourly Bike-Ped Counts'!C407 -> 0 | F48: ='Hourly Bike-Ped Counts'!C408 -> 0 | G48: =SUM(C48:F48) -> 0
B49: 0.46875 | C49: ='Hourly Bike-Ped Counts'!C414 -> 5 | D49: ='Hourly Bike-Ped Counts'!C415 -> 2 | E49: ='Hourly Bike-Ped Counts'!C416 -> 0 | F49: ='Hourly Bike-Ped Counts'!C417 -> 0 | G49: =SUM(C49:F49) -> 7
B50: 0.47916667 | C50: ='Hourly Bike-Ped Counts'!C423 -> 0 | D50: ='Hourly Bike-Ped Counts'!C424 -> 0 | E50: ='Hourly Bike-Ped Counts'!C425 -> 0 | F50: ='Hourly Bike-Ped Counts'!C426 -> 0 | G50: =SUM(C50:F50) -> 0
B51: 0.48958333 | C51: ='Hourly Bike-Ped Counts'!C432 -> 0 | D51: ='Hourly Bike-Ped Counts'!C433 -> 0 | E51: ='Hourly Bike-Ped Counts'!C434 -> 0 | F51: ='Hourly Bike-Ped Counts'!C435 -> 0 | G51: =SUM(C51:F51) -> 0
B52: 0.5 | C52: ='Hourly Bike-Ped Counts'!C441 -> 1 | D52: ='Hourly Bike-Ped Counts'!C442 -> 1 | E52: ='Hourly Bike-Ped Counts'!C443 -> 0 | F52: ='Hourly Bike-Ped Counts'!C444 -> 0 | G52: =SUM(C52:F52) -> 2
B53: 0.51041667 | C53: ='Hourly Bike-Ped Counts'!C450 -> 5 | D53: ='Hourly Bike-Ped Counts'!C451 -> 1 | E53: ='Hourly Bike-Ped Counts'!C452 -> 0 | F53: ='Hourly Bike-Ped Counts'!C453 -> 0 | G53: =SUM(C53:F53) -> 6
B54: 0.52083333 | C54: ='Hourly Bike-Ped Counts'!C459 -> 4 | D54: ='Hourly Bike-Ped Counts'!C460 -> 1 | E54: ='Hourly Bike-Ped Counts'!C461 -> 0 | F54: ='Hourly Bike-Ped Counts'!C462 -> 0 | G54: =SUM(C54:F54) -> 5
B55: 0.53125 | C55: ='Hourly Bike-Ped Counts'!C468 -> 2 | D55: ='Hourly Bike-Ped Counts'!C469 -> 2 | E55: ='Hourly Bike-Ped Counts'!C470 -> 0 | F55: ='Hourly Bike-Ped Counts'!C471 -> 0 | G55: =SUM(C55:F55) -> 4
B56: 0.54166667 | C56: ='Hourly Bike-Ped Counts'!C477 -> 0 | D56: ='Hourly Bike-Ped Counts'!C478 -> 0 | E56: ='Hourly Bike-Ped Counts'!C479 -> 0 | F56: ='Hourly Bike-Ped Counts'!C480 -> 0 | G56: =SUM(C56:F56) -> 0
B57: 0.55208333 | C57: ='Hourly Bike-Ped Counts'!C486 -> 2 | D57: ='Hourly Bike-Ped Counts'!C487 -> 0 | E57: ='Hourly Bike-Ped Counts'!C488 -> 0 | F57: ='Hourly Bike-Ped Counts'!C489 -> 0 | G57: =SUM(C57:F57) -> 2
B58: 0.5625 | C58: ='Hourly Bike-Ped Counts'!C495 -> 1 | D58: ='Hourly Bike-Ped Counts'!C496 -> 2 | E58: ='Hourly Bike-Ped Counts'!C497 -> 0 | F58: ='Hourly Bike-Ped Counts'!C498 -> 0 | G58: =SUM(C58:F58) -> 3
B59: 0.57291667 | C59: ='Hourly Bike-Ped Counts'!C504 -> 3 | D59: ='Hourly Bike-Ped Counts'!C505 -> 0 | E59: ='Hourly Bike-Ped Counts'!C506 -> 1 | F59: ='Hourly Bike-Ped Counts'!C507 -> 0 | G59: =SUM(C59:F59) -> 4
B60: 0.58333333 | C60: ='Hourly Bike-Ped Counts'!C513 -> 0 | D60: ='Hourly Bike-Ped Counts'!C514 -> 3 | E60: ='Hourly Bike-Ped Counts'!C515 -> 0 | F60: ='Hourly Bike-Ped Counts'!C516 -> 0 | G60: =SUM(C60:F60) -> 3
B61: 0.59375 | C61: ='Hourly Bike-Ped Counts'!C522 -> 4 | D61: ='Hourly Bike-Ped Counts'!C523 -> 3 | E61: ='Hourly Bike-Ped Counts'!C524 -> 1 | F61: ='Hourly Bike-Ped Counts'!C525 -> 0 | G61: =SUM(C61:F61) -> 8
B62: 0.60416667 | C62: ='Hourly Bike-Ped Counts'!C531 -> 2 | D62: ='Hourly Bike-Ped Counts'!C532 -> 2 | E62: ='Hourly Bike-Ped Counts'!C533 -> 0 | F62: ='Hourly Bike-Ped Counts'!C534 -> 0 | G62: =SUM(C62:F62) -> 4
B63: 0.61458333 | C63: ='Hourly Bike-Ped Counts'!C540 -> 0 | D63: ='Hourly Bike-Ped Counts'!C541 -> 0 | E63: ='Hourly Bike-Ped Counts'!C542 -> 0 | F63: ='Hourly Bike-Ped Counts'!C543 -> 0 | G63: =SUM(C63:F63) -> 0
B64: 0.625 | C64: ='Hourly Bike-Ped Counts'!C549 -> 4 | D64: ='Hourly Bike-Ped Counts'!C550 -> 0 | E64: ='Hourly Bike-Ped Counts'!C551 -> 0 | F64: ='Hourly Bike-Ped Counts'!C552 -> 0 | G64: =SUM(C64:F64) -> 4
B65: 0.63541667 | C65: ='Hourly Bike-Ped Counts'!C558 -> 7 | D65: ='Hourly Bike-Ped Counts'!C559 -> 3 | E65: ='Hourly Bike-Ped Counts'!C560 -> 4 | F65: ='Hourly Bike-Ped Counts'!C561 -> 0 | G65: =SUM(C65:F65) -> 14
B66: 0.64583333 | C66: ='Hourly Bike-Ped Counts'!C567 -> 83 | D66: ='Hourly Bike-Ped Counts'!C568 -> 74 | E66: ='Hourly Bike-Ped Counts'!C569 -> 60 | F66: ='Hourly Bike-Ped Counts'!C570 -> 1 | G66: =SUM(C66:F66) -> 218
B67: 0.65625 | C67: ='Hourly Bike-Ped Counts'!C576 -> 1 | D67: ='Hourly Bike-Ped Counts'!C577 -> 1 | E67: ='Hourly Bike-Ped Counts'!C578 -> 0 | F67: ='Hourly Bike-Ped Counts'!C579 -> 0 | G67: =SUM(C67:F67) -> 2
B68: 0.66666667 | C68: ='Hourly Bike-Ped Counts'!C585 -> 1 | D68: ='Hourly Bike-Ped Counts'!C586 -> 0 | E68: ='Hourly Bike-Ped Counts'!C587 -> 0 | F68: ='Hourly Bike-Ped Counts'!C588 -> 0 | G68: =SUM(C68:F68) -> 1
B69: 0.67708333 | C69: ='Hourly Bike-Ped Counts'!C594 -> 1 | D69: ='Hourly Bike-Ped Counts'!C595 -> 0 | E69: ='Hourly Bike-Ped Counts'!C596 -> 0 | F69: ='Hourly Bike-Ped Counts'!C597 -> 0 | G69: =SUM(C69:F69) -> 1
B70: 0.6875 | C70: ='Hourly Bike-Ped Counts'!C603 -> 2 | D70: ='Hourly Bike-Ped Counts'!C604 -> 1 | E70: ='Hourly Bike-Ped Counts'!C605 -> 1 | F70: ='Hourly Bike-Ped Counts'!C606 -> 0 | G70: =SUM(C70:F70) -> 4
B71: 0.69791667 | C71: ='Hourly Bike-Ped Counts'!C612 -> 11 | D71: ='Hourly Bike-Ped Counts'!C613 -> 1 | E71: ='Hourly Bike-Ped Counts'!C614 -> 0 | F71: ='Hourly Bike-Ped Counts'!C615 -> 0 | G71: =SUM(C71:F71) -> 12
B72: 0.70833333 | C72: ='Hourly Bike-Ped Counts'!C621 -> 3 | D72: ='Hourly Bike-Ped Counts'!C622 -> 2 | E72: ='Hourly Bike-Ped Counts'!C623 -> 0 | F72: ='Hourly Bike-Ped Counts'!C624 -> 0 | G72: =SUM(C72:F72) -> 5
B73: 0.71875 | C73: ='Hourly Bike-Ped Counts'!C630 -> 4 | D73: ='Hourly Bike-Ped Counts'!C631 -> 2 | E73: ='Hourly Bike-Ped Counts'!C632 -> 0 | F73: ='Hourly Bike-Ped Counts'!C633 -> 0 | G73: =SUM(C73:F73) -> 6
B74: 0.72916667 | C74: ='Hourly Bike-Ped Counts'!C639 -> 4 | D74: ='Hourly Bike-Ped Counts'!C640 -> 0 | E74: ='Hourly Bike-Ped Counts'!C641 -> 0 | F74: ='Hourly Bike-Ped Counts'!C642 -> 0 | G74: =SUM(C74:F74) -> 4
B75: 0.73958333 | C75: ='Hourly Bike-Ped Counts'!C648 -> 3 | D75: ='Hourly Bike-Ped Counts'!C649 -> 1 | E75: ='Hourly Bike-Ped Counts'!C650 -> 0 | F75: ='Hourly Bike-Ped Counts'!C651 -> 0 | G75: =SUM(C75:F75) -> 4
B76: 0.75 | C76: ='Hourly Bike-Ped Counts'!C657 -> 1 | D76: ='Hourly Bike-Ped Counts'!C658 -> 0 | E76: ='Hourly Bike-Ped Counts'!C659 -> 0 | F76: ='Hourly Bike-Ped Counts'!C660 -> 0 | G76: =SUM(C76:F76) -> 1
B77: 0.76041667 | C77: ='Hourly Bike-Ped Counts'!C666 -> 0 | D77: ='Hourly Bike-Ped Counts'!C667 -> 2 | E77: ='Hourly Bike-Ped Counts'!C668 -> 0 | F77: ='Hourly Bike-Ped Counts'!C669 -> 0 | G77: =SUM(C77:F77) -> 2
B78: 0.77083333 | C78: ='Hourly Bike-Ped Counts'!C675 -> 3 | D78: ='Hourly Bike-Ped Counts'!C676 -> 0 | E78: ='Hourly Bike-Ped Counts'!C677 -> 0 | F78: ='Hourly Bike-Ped Counts'!C678 -> 0 | G78: =SUM(C78:F78) -> 3
B79: 0.78125 | C79: ='Hourly Bike-Ped Counts'!C684 -> 4 | D79: ='Hourly Bike-Ped Counts'!C685 -> 0 | E79: ='Hourly Bike-Ped Counts'!C686 -> 0 | F79: ='Hourly Bike-Ped Counts'!C687 -> 0 | G79: =SUM(C79:F79) -> 4
B80: 0.79166667 | C80: ='Hourly Bike-Ped Counts'!C693 -> 1 | D80: ='Hourly Bike-Ped Counts'!C694 -> 0 | E80: ='Hourly Bike-Ped Counts'!C695 -> 0 | F80: ='Hourly Bike-Ped Counts'!C696 -> 0 | G80: =SUM(C80:F80) -> 1
B81: 0.80208333 | C81: ='Hourly Bike-Ped Counts'!C702 -> 0 | D81: ='Hourly Bike-Ped Counts'!C703 -> 0 | E81: ='Hourly Bike-Ped Counts'!C704 -> 0 | F81: ='Hourly Bike-Ped Counts'!C705 -> 0 | G81: =SUM(C81:F81) -> 0
B82: 0.8125 | C82: ='Hourly Bike-Ped Counts'!C711 -> 2 | D82: ='Hourly Bike-Ped Counts'!C712 -> 0 | E82: ='Hourly Bike-Ped Counts'!C713 -> 0 | F82: ='Hourly Bike-Ped Counts'!C714 -> 0 | G82: =SUM(C82:F82) -> 2
B83: 0.82291667 | C83: ='Hourly Bike-Ped Counts'!C720 -> 0 | D83: ='Hourly Bike-Ped Counts'!C721 -> 0 | E83: ='Hourly Bike-Ped Counts'!C722 -> 0 | F83: ='Hourly Bike-Ped Counts'!C723 -> 0 | G83: =SUM(C83:F83) -> 0
B84: 0.83333333 | C84: ='Hourly Bike-Ped Counts'!C729 -> 0 | D84: ='Hourly Bike-Ped Counts'!C730 -> 1 | E84: ='Hourly Bike-Ped Counts'!C731 -> 0 | F84: ='Hourly Bike-Ped Counts'!C732 -> 0 | G84: =SUM(C84:F84) -> 1
B85: 0.84375 | C85: ='Hourly Bike-Ped Counts'!C738 -> 0 | D85: ='Hourly Bike-Ped Counts'!C739 -> 0 | E85: ='Hourly Bike-Ped Counts'!C740 -> 0 | F85: ='Hourly Bike-Ped Counts'!C741 -> 0 | G85: =SUM(C85:F85) -> 0
B86: 0.85416667 | C86: ='Hourly Bike-Ped Counts'!C747 -> 0 | D86: ='Hourly Bike-Ped Counts'!C748 -> 0 | E86: ='Hourly Bike-Ped Counts'!C749 -> 0 | F86: ='Hourly Bike-Ped Counts'!C750 -> 0 | G86: =SUM(C86:F86) -> 0
B87: 0.86458333 | C87: ='Hourly Bike-Ped Counts'!C756 -> 0 | D87: ='Hourly Bike-Ped Counts'!C757 -> 0 | E87: ='Hourly Bike-Ped Counts'!C758 -> 0 | F87: ='Hourly Bike-Ped Counts'!C759 -> 0 | G87: =SUM(C87:F87) -> 0
B88: 0.875 | C88: ='Hourly Bike-Ped Counts'!C765 -> 0 | D88: ='Hourly Bike-Ped Counts'!C766 -> 0 | E88: ='Hourly Bike-Ped Counts'!C767 -> 0 | F88: ='Hourly Bike-Ped Counts'!C768 -> 0 | G88: =SUM(C88:F88) -> 0
B89: 0.88541667 | C89: ='Hourly Bike-Ped Counts'!C774 -> 0 | D89: ='Hourly Bike-Ped Counts'!C775 -> 0 | E89: ='Hourly Bike-Ped Counts'!C776 -> 0 | F89: ='Hourly Bike-Ped Counts'!C777 -> 0 | G89: =SUM(C89:F89) -> 0
B90: 0.89583333 | C90: ='Hourly Bike-Ped Counts'!C783 -> 0 | D90: ='Hourly Bike-Ped Counts'!C784 -> 0 | E90: ='Hourly Bike-Ped Counts'!C785 -> 0 | F90: ='Hourly Bike-Ped Counts'!C786 -> 0 | G90: =SUM(C90:F90) -> 0
B91: 0.90625 | C91: ='Hourly Bike-Ped Counts'!C792 -> 2 | D91: ='Hourly Bike-Ped Counts'!C793 -> 0 | E91: ='Hourly Bike-Ped Counts'!C794 -> 0 | F91: ='Hourly Bike-Ped Counts'!C795 -> 0 | G91: =SUM(C91:F91) -> 2
B92: 0.91666667 | C92: ='Hourly Bike-Ped Counts'!C801 -> 0 | D92: ='Hourly Bike-Ped Counts'!C802 -> 0 | E92: ='Hourly Bike-Ped Counts'!C803 -> 2 | F92: ='Hourly Bike-Ped Counts'!C804 -> 0 | G92: =SUM(C92:F92) -> 2
B93: 0.92708333 | C93: ='Hourly Bike-Ped Counts'!C810 -> 0 | D93: ='Hourly Bike-Ped Counts'!C811 -> 0 | E93: ='Hourly Bike-Ped Counts'!C812 -> 0 | F93: ='Hourly Bike-Ped Counts'!C813 -> 0 | G93: =SUM(C93:F93) -> 0
B94: 0.9375 | C94: ='Hourly Bike-Ped Counts'!C819 -> 0 | D94: ='Hourly Bike-Ped Counts'!C820 -> 0 | E94: ='Hourly Bike-Ped Counts'!C821 -> 0 | F94: ='Hourly Bike-Ped Counts'!C822 -> 0 | G94: =SUM(C94:F94) -> 0
B95: 0.94791667 | C95: ='Hourly Bike-Ped Counts'!C828 -> 0 | D95: ='Hourly Bike-Ped Counts'!C829 -> 0 | E95: ='Hourly Bike-Ped Counts'!C830 -> 0 | F95: ='Hourly Bike-Ped Counts'!C831 -> 0 | G95: =SUM(C95:F95) -> 0
B96: 0.95833333 | C96: ='Hourly Bike-Ped Counts'!C837 -> 0 | D96: ='Hourly Bike-Ped Counts'!C838 -> 0 | E96: ='Hourly Bike-Ped Counts'!C839 -> 0 | F96: ='Hourly Bike-Ped Counts'!C840 -> 0 | G96: =SUM(C96:F96) -> 0
B97: 0.96875 | C97: ='Hourly Bike-Ped Counts'!C846 -> 1 | D97: ='Hourly Bike-Ped Counts'!C847 -> 0 | E97: ='Hourly Bike-Ped Counts'!C848 -> 0 | F97: ='Hourly Bike-Ped Counts'!C849 -> 0 | G97: =SUM(C97:F97) -> 1
B98: 0.97916667 | C98: ='Hourly Bike-Ped Counts'!C855 -> 1 | D98: ='Hourly Bike-Ped Counts'!C856 -> 0 | E98: ='Hourly Bike-Ped Counts'!C857 -> 0 | F98: ='Hourly Bike-Ped Counts'!C858 -> 0 | G98: =SUM(C98:F98) -> 1
B99: 0.98958333 | C99: ='Hourly Bike-Ped Counts'!C864 -> 0 | D99: ='Hourly Bike-Ped Counts'!C865 -> 0 | E99: ='Hourly Bike-Ped Counts'!C866 -> 0 | F99: ='Hourly Bike-Ped Counts'!C867 -> 0 | G99: =SUM(C99:F99) -> 0
B100: Total | C100: =SUM(C4:C99) -> 279 | D100: =SUM(D4:D99) -> 190 | E100: =SUM(E4:E99) -> 157 | F100: =SUM(F4:F99) -> 1 | G100: =SUM(G4:G99) -> 627

Sheet Charts
B14: From | V14: To
H17: Sidewalk N-W | I17: Bike Lane N-W | J17: Road N | M17: Bike Lane N-E | N17: Sidewalk N-E | AB17: Sidewalk N-W | AC17: Bike Lane N-W | AD17: Road N | AG17: Bike Lane N-E | AH17: Sidewalk N-E
H19: =H20/'Hourly Bike-Ped Counts'!$F$881 -> 0.12440191 | I19: =I20/'Hourly Bike-Ped Counts'!$F$881 -> 0.020733652 | J19: =J20/'Hourly Bike-Ped Counts'!$F$881 -> 0 | M19: =M20/'Hourly Bike-Ped Counts'!$F$881 -> 0.0079744817 | N19: =N20/'Hourly Bike-Ped Counts'!$F$881 -> 0.063795853 | AB19: =AB20/'Hourly Bike-Ped Counts'!$X$881 -> 0.1291866 | AC19: =AC20/'Hourly Bike-Ped Counts'!$X$881 -> 0.023923445 | AD19: =AD20/'Hourly Bike-Ped Counts'!$X$881 -> 0 | AG19: =AG20/'Hourly Bike-Ped Counts'!$X$881 -> 0.019138756 | AH19: =AH20/'Hourly Bike-Ped Counts'!$X$881 -> 0.089314195
H20: ='Hourly Bike-Ped Counts'!R879 -> 78 | I20: ='Hourly Bike-Ped Counts'!J879 -> 13 | J20: ='Hourly Bike-Ped Counts'!G879 -> 0 | M20: ='Hourly Bike-Ped Counts'!K879 -> 5 | N20: ='Hourly Bike-Ped Counts'!S879 -> 40 | AB20: ='Hourly Bike-Ped Counts'!AJ879 -> 81 | AC20: ='Hourly Bike-Ped Counts'!AB879 -> 15 | AD20: ='Hourly Bike-Ped Counts'!Y879 -> 0 | AG20: ='Hourly Bike-Ped Counts'!AC879 -> 12 | AH20: ='Hourly Bike-Ped Counts'!AK879 -> 56
B24: Sidewalk W-N | C24: =D24/'Hourly Bike-Ped Counts'!$F$881 -> 0.073365231 | D24: ='Hourly Bike-Ped Counts'!Q879 -> 46 | R24: ='Hourly Bike-Ped Counts'!T879 -> 37 | S24: =R24/'Hourly Bike-Ped Counts'!$F$881 -> 0.059011164 | T24: Sidewalk E-N | V24: Sidewalk W-N | W24: =X24/'Hourly Bike-Ped Counts'!$X$881 -> 0.062200957 | X24: ='Hourly Bike-Ped Counts'!AI879 -> 39 | AL24: ='Hourly Bike-Ped Counts'!AL879 -> 36 | AM24: =AL24/'Hourly Bike-Ped Counts'!$X$881 -> 0.057416268 | AN24: Sidewalk E-N
B25: Bikeway W | C25: =D25/'Hourly Bike-Ped Counts'!$F$881 -> 0.035087719 | D25: ='Hourly Bike-Ped Counts'!N879 -> 22 | R25: ='Hourly Bike-Ped Counts'!O879 -> 57 | S25: =R25/'Hourly Bike-Ped Counts'!$F$881 -> 0.090909091 | T25: Bikeway E | V25: Bikeway W | W25: =X25/'Hourly Bike-Ped Counts'!$X$881 -> 0.055821372 | X25: ='Hourly Bike-Ped Counts'!AF879 -> 35 | AL25: ='Hourly Bike-Ped Counts'!AG879 -> 63 | AM25: =AL25/'Hourly Bike-Ped Counts'!$X$881 -> 0.10047847 | AN25: Bikeway E
B27: Road W | C27: =D27/'Hourly Bike-Ped Counts'!$F$881 -> 0.004784689 | D27: ='Hourly Bike-Ped Counts'!F879 -> 3 | R27: ='Hourly Bike-Ped Counts'!H879 -> 4 | S27: =R27/'Hourly Bike-Ped Counts'!$F$881 -> 0.0063795853 | T27: Road E | V27: Road W | W27: =X27/'Hourly Bike-Ped Counts'!$X$881 -> 0.004784689 | X27: ='Hourly Bike-Ped Counts'!X879 -> 3 | AL27: ='Hourly Bike-Ped Counts'!Z879 -> 3 | AM27: =AL27/'Hourly Bike-Ped Counts'!$X$881 -> 0.004784689 | AN27: Road E
B29: Sidewalk W-S | C29: =D29/'Hourly Bike-Ped Counts'!$F$881 -> 0.028708134 | D29: ='Hourly Bike-Ped Counts'!P879 -> 18 | R29: ='Hourly Bike-Ped Counts'!U879 -> 43 | S29: =R29/'Hourly Bike-Ped Counts'!$F$881 -> 0.068580542 | T29: Trail E-S | V29: Sidewalk W-S | W29: =X29/'Hourly Bike-Ped Counts'!$X$881 -> 0.038277512 | X29: ='Hourly Bike-Ped Counts'!AH879 -> 24 | AL29: ='Hourly Bike-Ped Counts'!AM879 -> 31 | AM29: =AL29/'Hourly Bike-Ped Counts'!$X$881 -> 0.049441786 | AN29: Trail E-S
H33: ='Hourly Bike-Ped Counts'!W879 -> 236 | I33: ='Hourly Bike-Ped Counts'!M879 -> 2 | J33: ='Hourly Bike-Ped Counts'!I879 -> 0 | M33: ='Hourly Bike-Ped Counts'!L879 -> 6 | N33: ='Hourly Bike-Ped Counts'!V879 -> 17 | AB33: ='Hourly Bike-Ped Counts'!AO879 -> 195 | AC33: ='Hourly Bike-Ped Counts'!AE879 -> 8 | AD33: ='Hourly Bike-Ped Counts'!AA879 -> 0 | AG33: ='Hourly Bike-Ped Counts'!AD879 -> 0 | AH33: ='Hourly Bike-Ped Counts'!AN879 -> 26
H34: =H33/'Hourly Bike-Ped Counts'!$F$881 -> 0.37639553 | I34: =I33/'Hourly Bike-Ped Counts'!$F$881 -> 0.0031897927 | J34: =J33/'Hourly Bike-Ped Counts'!$F$881 -> 0 | M34: =M33/'Hourly Bike-Ped Counts'!$F$881 -> 0.009569378 | N34: =N33/'Hourly Bike-Ped Counts'!$F$881 -> 0.027113238 | AB34: =AB33/'Hourly Bike-Ped Counts'!$X$881 -> 0.31100478 | AC34: =AC33/'Hourly Bike-Ped Counts'!$X$881 -> 0.012759171 | AD34: =AD33/'Hourly Bike-Ped Counts'!$X$881 -> 0 | AG34: =AG33/'Hourly Bike-Ped Counts'!$X$881 -> 0 | AH34: =AH33/'Hourly Bike-Ped Counts'!$X$881 -> 0.041467305
H36: Sidewalk S-W | I36: Bike Lane S-W | J36: Road S | M36: Bike Lane S-E | N36: Sidewalk S-E | AB36: Sidewalk S-W | AC36: Bike Lane S-W | AD36: Road S | AG36: Bike Lane S-E | AH36: Sidewalk S-E
