Workbook

Sheet Hourly Bike-Ped Counts
B3: Ped Counter. 1 block for each hour. If desired, record demographic (want to see % of women + children). i.e. mid-aged woman, senior woman, elementary girl etc.
B4: gender, age, rec/commute/school
B5: In = going _____ | C5: Out = going _____
B6: Date:
G8: From | Y8: To
G9: Road | K9: Bike Lane | O9: Bikeway | Q9: Sidewalk | Y9: Road | AC9: Bike Lane | AG9: Bikeway | AI9: Sidewalk | AQ9: Car No Yield | AS9: Car in Bikeway | AT9: Student | AU9: Bike Passenger | AV9: Ped Out of Crosswalk | AW9: Stroller | AX9: Jogger
B10: 0 | C10: Intersection Count | D10: Totals | G10: W | H10: N | I10: E | J10: S | K10: N-W | L10: N-E | M10: S-E | N10: S-W | O10: W | P10: E | Q10: W-S | R10: W-N | S10: N-W | T10: N-E | U10: E-N | V10: E-S | W10: S-E | X10: S-W | Y10: W | Z10: N | AA10: E | AB10: S | AC10: N-W | AD10: N-E | AE10: S-E | AF10: S-W | AG10: W | AH10: E | AI10: W-S | AJ10: W-N | AK10: N-W | AL10: N-E | AM10: E-N | AN10: E-S | AO10: S-E | AP10: S-W
B11: Pedestrian | D11: =C11 -> 0 | F11: Pedestrian
B12: Bike | D12: =C12 -> 0 | F12: Bike
B13: Scooter | D13: =C13 -> 0 | F13: Scooter
B14: Other | D14: =C14 -> 0 | F14: Other
C15: 15-min Interval Total | D15: =SUM(D11:D14) -> 0
G17: From | Y17: To
G18: Road | K18: Bike Lane | O18: Bikeway | Q18: Sidewalk | Y18: Road | AC18: Bike Lane | AG18: Bikeway | AI18: Sidewalk | AQ18: Car No Yield | AS18: Car in Bikeway | AT18: Student | AU18: Bike Passenger | AV18: Ped Out of Crosswalk | AW18: Stroller | AX18: Jogger
B19: 0.010416667 | C19: Intersection Count | D19: Totals | G19: W | H19: N | I19: E | J19: S | K19: N-W | L19: N-E | M19: S-E | N19: S-W | O19: W | P19: E | Q19: W-S | R19: W-N | S19: N-W | T19: N-E | U19: E-N | V19: E-S | W19: S-E | X19: S-W | Y19: W | Z19: N | AA19: E | AB19: S | AC19: N-W | AD19: N-E | AE19: S-E | AF19: S-W | AG19: W | AH19: E | AI19: W-S | AJ19: W-N | AK19: N-W | AL19: N-E | AM19: E-N | AN19: E-S | AO19: S-E | AP19: S-W
B20: Pedestrian | D20: =C20 -> 0 | F20: Pedestrian
B21: Bike | D21: =C21 -> 0 | F21: Bike
B22: Scooter | D22: =C22 -> 0 | F22: Scooter
B23: Other | D23: =C23 -> 0 | F23: Other
C24: 15-min Interval Total | D24: =SUM(D20:D23) -> 0
G26: From | Y26: To
G27: Road | K27: Bike Lane | O27: Bikeway | Q27: Sidewalk | Y27: Road | AC27: Bike Lane | AG27: Bikeway | AI27: Sidewalk | AQ27: Car No Yield | AS27: Car in Bikeway | AT27: Student | AU27: Bike Passenger | AV27: Ped Out of Crosswalk | AW27: Stroller | AX27: Jogger
B28: 0.020833333 | C28: Intersection Count | D28: Totals | G28: W | H28: N | I28: E | J28: S | K28: N-W | L28: N-E | M28: S-E | N28: S-W | O28: W | P28: E | Q28: W-S | R28: W-N | S28: N-W | T28: N-E | U28: E-N | V28: E-S | W28: S-E | X28: S-W | Y28: W | Z28: N | AA28: E | AB28: S | AC28: N-W | AD28: N-E | AE28: S-E | AF28: S-W | AG28: W | AH28: E | AI28: W-S | AJ28: W-N | AK28: N-W | AL28: N-E | AM28: E-N | AN28: E-S | AO28: S-E | AP28: S-W
B29: Pedestrian | D29: =C29 -> 0 | F29: Pedestrian
B30: Bike | D30: =C30 -> 0 | F30: Bike
B31: Scooter | D31: =C31 -> 0 | F31: Scooter
B32: Other | D32: =C32 -> 0 | F32: Other
C33: 15-min Interval Total | D33: =SUM(D29:D32) -> 0
G35: From | Y35: To
G36: Road | K36: Bike Lane | O36: Bikeway | Q36: Sidewalk | Y36: Road | AC36: Bike Lane | AG36: Bikeway | AI36: Sidewalk | AQ36: Car No Yield | AS36: Car in Bikeway | AT36: Student | AU36: Bike Passenger | AV36: Ped Out of Crosswalk | AW36: Stroller | AX36: Jogger
B37: 0.03125 | C37: Intersection Count | D37: Totals | G37: W | H37: N | I37: E | J37: S | K37: N-W | L37: N-E | M37: S-E | N37: S-W | O37: W | P37: E | Q37: W-S | R37: W-N | S37: N-W | T37: N-E | U37: E-N | V37: E-S | W37: S-E | X37: S-W | Y37: W | Z37: N | AA37: E | AB37: S | AC37: N-W | AD37: N-E | AE37: S-E | AF37: S-W | AG37: W | AH37: E | AI37: W-S | AJ37: W-N | AK37: N-W | AL37: N-E | AM37: E-N | AN37: E-S | AO37: S-E | AP37: S-W
B38: Pedestrian | D38: =C38 -> 0 | F38: Pedestrian
B39: Bike | D39: =C39 -> 0 | F39: Bike
B40: Scooter | D40: =C40 -> 0 | F40: Scooter
B41: Other | D41: =C41 -> 0 | F41: Other
C42: 15-min Interval Total | D42: =SUM(D38:D41) -> 0
G44: From | Y44: To
G45: Road | K45: Bike Lane | O45: Bikeway | Q45: Sidewalk | Y45: Road | AC45: Bike Lane | AG45: Bikeway | AI45: Sidewalk | AQ45: Car No Yield | AS45: Car in Bikeway | AT45: Student | AU45: Bike Passenger | AV45: Ped Out of Crosswalk | AW45: Stroller | AX45: Jogger
B46: 0.041666667 | C46: Intersection Count | D46: Totals | G46: W | H46: N | I46: E | J46: S | K46: N-W | L46: N-E | M46: S-E | N46: S-W | O46: W | P46: E | Q46: W-S | R46: W-N | S46: N-W | T46: N-E | U46: E-N | V46: E-S | W46: S-E | X46: S-W | Y46: W | Z46: N | AA46: E | AB46: S | AC46: N-W | AD46: N-E | AE46: S-E | AF46: S-W | AG46: W | AH46: E | AI46: W-S | AJ46: W-N | AK46: N-W | AL46: N-E | AM46: E-N | AN46: E-S | AO46: S-E | AP46: S-W
B47: Pedestrian | D47: =C47 -> 0 | F47: Pedestrian
B48: Bike | D48: =C48 -> 0 | F48: Bike
B49: Scooter | D49: =C49 -> 0 | F49: Scooter
B50: Other | D50: =C50 -> 0 | F50: Other
C51: 15-min Interval Total | D51: =SUM(D47:D50) -> 0
G53: From | Y53: To
G54: Road | K54: Bike Lane | O54: Bikeway | Q54: Sidewalk | Y54: Road | AC54: Bike Lane | AG54: Bikeway | AI54: Sidewalk | AQ54: Car No Yield | AS54: Car in Bikeway | AT54: Student | AU54: Bike Passenger | AV54: Ped Out of Crosswalk | AW54: Stroller | AX54: Jogger
B55: 0.052083333 | C55: Intersection Count | D55: Totals | G55: W | H55: N | I55: E | J55: S | K55: N-W | L55: N-E | M55: S-E | N55: S-W | O55: W | P55: E | Q55: W-S | R55: W-N | S55: N-W | T55: N-E | U55: E-N | V55: E-S | W55: S-E | X55: S-W | Y55: W | Z55: N | AA55: E | AB55: S | AC55: N-W | AD55: N-E | AE55: S-E | AF55: S-W | AG55: W | AH55: E | AI55: W-S | AJ55: W-N | AK55: N-W | AL55: N-E | AM55: E-N | AN55: E-S | AO55: S-E | AP55: S-W
B56: Pedestrian | D56: =C56 -> 0 | F56: Pedestrian
B57: Bike | D57: =C57 -> 0 | F57: Bike
B58: Scooter | D58: =C58 -> 0 | F58: Scooter
B59: Other | D59: =C59 -> 0 | F59: Other
C60: 15-min Interval Total | D60: =SUM(D56:D59) -> 0
G62: From | Y62: To
G63: Road | K63: Bike Lane | O63: Bikeway | Q63: Sidewalk | Y63: Road | AC63: Bike Lane | AG63: Bikeway | AI63: Sidewalk | AQ63: Car No Yield | AS63: Car in Bikeway | AT63: Student | AU63: Bike Passenger | AV63: Ped Out of Crosswalk | AW63: Stroller | AX63: Jogger
B64: 0.0625 | C64: Intersection Count | D64: Totals | G64: W | H64: N | I64: E | J64: S | K64: N-W | L64: N-E | M64: S-E | N64: S-W | O64: W | P64: E | Q64: W-S | R64: W-N | S64: N-W | T64: N-E | U64: E-N | V64: E-S | W64: S-E | X64: S-W | Y64: W | Z64: N | AA64: E | AB64: S | AC64: N-W | AD64: N-E | AE64: S-E | AF64: S-W | AG64: W | AH64: E | AI64: W-S | AJ64: W-N | AK64: N-W | AL64: N-E | AM64: E-N | AN64: E-S | AO64: S-E | AP64: S-W
B65: Pedestrian | D65: =C65 -> 0 | F65: Pedestrian
B66: Bike | D66: =C66 -> 0 | F66: Bike
B67: Scooter | D67: =C67 -> 0 | F67: Scooter
B68: Other | D68: =C68 -> 0 | F68: Other
C69: 15-min Interval Total | D69: =SUM(D65:D68) -> 0
G71: From | Y71: To
G72: Road | K72: Bike Lane | O72: Bikeway | Q72: Sidewalk | Y72: Road | AC72: Bike Lane | AG72: Bikeway | AI72: Sidewalk | AQ72: Car No Yield | AS72: Car in Bikeway | AT72: Student | AU72: Bike Passenger | AV72: Ped Out of Crosswalk | AW72: Stroller | AX72: Jogger
B73: 0.072916667 | C73: Intersection Count | D73: Totals | G73: W | H73: N | I73: E | J73: S | K73: N-W | L73: N-E | M73: S-E | N73: S-W | O73: W | P73: E | Q73: W-S | R73: W-N | S73: N-W | T73: N-E | U73: E-N | V73: E-S | W73: S-E | X73: S-W | Y73: W | Z73: N | AA73: E | AB73: S | AC73: N-W | AD73: N-E | AE73: S-E | AF73: S-W | AG73: W | AH73: E | AI73: W-S | AJ73: W-N | AK73: N-W | AL73: N-E | AM73: E-N | AN73: E-S | AO73: S-E | AP73: S-W
B74: Pedestrian | D74: =C74 -> 0 | F74: Pedestrian
B75: Bike | D75: =C75 -> 0 | F75: Bike
B76: Scooter | D76: =C76 -> 0 | F76: Scooter
B77: Other | D77: =C77 -> 0 | F77: Other
C78: 15-min Interval Total | D78: =SUM(D74:D77) -> 0
G80: From | Y80: To
G81: Road | K81: Bike Lane | O81: Bikeway | Q81: Sidewalk | Y81: Road | AC81: Bike Lane | AG81: Bikeway | AI81: Sidewalk | AQ81: Car No Yield | AS81: Car in Bikeway | AT81: Student | AU81: Bike Passenger | AV81: Ped Out of Crosswalk | AW81: Stroller | AX81: Jogger
B82: 0.083333333 | C82: Intersection Count | D82: Totals | G82: W | H82: N | I82: E | J82: S | K82: N-W | L82: N-E | M82: S-E | N82: S-W | O82: W | P82: E | Q82: W-S | R82: W-N | S82: N-W | T82: N-E | U82: E-N | V82: E-S | W82: S-E | X82: S-W | Y82: W | Z82: N | AA82: E | AB82: S | AC82: N-W | AD82: N-E | AE82: S-E | AF82: S-W | AG82: W | AH82: E | AI82: W-S | AJ82: W-N | AK82: N-W | AL82: N-E | AM82: E-N | AN82: E-S | AO82: S-E | AP82: S-W
B83: Pedestrian | D83: =C83 -> 0 | F83: Pedestrian
B84: Bike | D84: =C84 -> 0 | F84: Bike
B85: Scooter | D85: =C85 -> 0 | F85: Scooter
B86: Other | D86: =C86 -> 0 | F86: Other
C87: 15-min Interval Total | D87: =SUM(D83:D86) -> 0
G89: From | Y89: To
G90: Road | K90: Bike Lane | O90: Bikeway | Q90: Sidewalk | Y90: Road | AC90: Bike Lane | AG90: Bikeway | AI90: Sidewalk | AQ90: Car No Yield | AS90: Car in Bikeway | AT90: Student | AU90: Bike Passenger | AV90: Ped Out of Crosswalk | AW90: Stroller | AX90: Jogger
B91: 0.09375 | C91: Intersection Count | D91: Totals | G91: W | H91: N | I91: E | J91: S | K91: N-W | L91: N-E | M91: S-E | N91: S-W | O91: W | P91: E | Q91: W-S | R91: W-N | S91: N-W | T91: N-E | U91: E-N | V91: E-S | W91: S-E | X91: S-W | Y91: W | Z91: N | AA91: E | AB91: S | AC91: N-W | AD91: N-E | AE91: S-E | AF91: S-W | AG91: W | AH91: E | AI91: W-S | AJ91: W-N | AK91: N-W | AL91: N-E | AM91: E-N | AN91: E-S | AO91: S-E | AP91: S-W
B92: Pedestrian | D92: =C92 -> 0 | F92: Pedestrian
B93: Bike | D93: =C93 -> 0 | F93: Bike
B94: Scooter | D94: =C94 -> 0 | F94: Scooter
B95: Other | D95: =C95 -> 0 | F95: Other
C96: 15-min Interval Total | D96: =SUM(D92:D95) -> 0
G98: From | Y98: To
G99: Road | K99: Bike Lane | O99: Bikeway | Q99: Sidewalk | Y99: Road | AC99: Bike Lane | AG99: Bikeway | AI99: Sidewalk | AQ99: Car No Yield | AS99: Car in Bikeway | AT99: Student | AU99: Bike Passenger | AV99: Ped Out of Crosswalk | AW99: Stroller | AX99: Jogger
B100: 0.10416667 | C100: Intersection Count | D100: Totals | G100: W | H100: N | I100: E | J100: S | K100: N-W | L100: N-E | M100: S-E | N100: S-W | O100: W | P100: E | Q100: W-S | R100: W-N | S100: N-W | T100: N-E | U100: E-N | V100: E-S | W100: S-E | X100: S-W | Y100: W | Z100: N | AA100: E | AB100: S | AC100: N-W | AD100: N-E | AE100: S-E | AF100: S-W | AG100: W | AH100: E | AI100: W-S | AJ100: W-N | AK100: N-W | AL100: N-E | AM100: E-N | AN100: E-S | AO100: S-E | AP100: S-W
B101: Pedestrian | D101: =C101 -> 0 | F101: Pedestrian
B102: Bike | D102: =C102 -> 0 | F102: Bike
B103: Scooter | D103: =C103 -> 0 | F103: Scooter
B104: Other | D104: =C104 -> 0 | F104: Other
C105: 15-min Interval Total | D105: =SUM(D101:D104) -> 0
G107: From | Y107: To
G108: Road | K108: Bike Lane | O108: Bikeway | Q108: Sidewalk | Y108: Road | AC108: Bike Lane | AG108: Bikeway | AI108: Sidewalk | AQ108: Car No Yield | AS108: Car in Bikeway | AT108: Student | AU108: Bike Passenger | AV108: Ped Out of Crosswalk | AW108: Stroller | AX108: Jogger
B109: 0.11458333 | C109: Intersection Count | D109: Totals | G109: W | H109: N | I109: E | J109: S | K109: N-W | L109: N-E | M109: S-E | N109: S-W | O109: W | P109: E | Q109: W-S | R109: W-N | S109: N-W | T109: N-E | U109: E-N | V109: E-S | W109: S-E | X109: S-W | Y109: W | Z109: N | AA109: E | AB109: S | AC109: N-W | AD109: N-E | AE109: S-E | AF109: S-W | AG109: W | AH109: E | AI109: W-S | AJ109: W-N | AK109: N-W | AL109: N-E | AM109: E-N | AN109: E-S | AO109: S-E | AP109: S-W
B110: Pedestrian | D110: =C110 -> 0 | F110: Pedestrian
B111: Bike | D111: =C111 -> 0 | F111: Bike
B112: Scooter | D112: =C112 -> 0 | F112: Scooter
B113: Other | D113: =C113 -> 0 | F113: Other
C114: 15-min Interval Total | D114: =SUM(D110:D113) -> 0
...

Sheet Count Summary
B2: 15-Minute Intervals | I2: 1-Hour Intervals
B3: Time | C3: Pedestrian | D3: Bike | E3: Scooter | F3: Other | G3: 15-min Total | I3: Time | J3: Pedestrian | K3: Bike | L3: Scooter | M3: Other | N3: Hourly Total
B4: 0 | C4: ='Hourly Bike-Ped Counts'!D11 -> 0 | D4: ='Hourly Bike-Ped Counts'!D12 -> 0 | E4: ='Hourly Bike-Ped Counts'!D13 -> 0 | F4: ='Hourly Bike-Ped Counts'!D14 -> 0 | G4: =SUM(C4:F4) -> 0 | I4: 0 | J4: =SUM(C4:C7) -> 0 | K4: =SUM(D4:D7) -> 0 | L4: =SUM(E4:E7) -> 0 | M4: =SUM(F4:F7) -> 0 | N4: =SUM(J4:M4) -> 0
B5: 0.010416667 | C5: ='Hourly Bike-Ped Counts'!D20 -> 0 | D5: ='Hourly Bike-Ped Counts'!D21 -> 0 | E5: ='Hourly Bike-Ped Counts'!D22 -> 0 | F5: ='Hourly Bike-Ped Counts'!D23 -> 0 | G5: =SUM(C5:F5) -> 0 | I5: 0.041666667 | J5: =SUM(C8:C11) -> 0 | K5: =SUM(D8:D11) -> 0 | L5: =SUM(E8:E11) -> 0 | M5: =SUM(F8:F11) -> 0 | N5: =SUM(J5:M5) -> 0
B6: 0.020833333 | C6: ='Hourly Bike-Ped Counts'!D29 -> 0 | D6: ='Hourly Bike-Ped Counts'!D30 -> 0 | E6: ='Hourly Bike-Ped Counts'!D31 -> 0 | F6: ='Hourly Bike-Ped Counts'!D32 -> 0 | G6: =SUM(C6:F6) -> 0 | I6: 0.083333333 | J6: =SUM(C12:C15) -> 0 | K6: =SUM(D12:D15) -> 0 | L6: =SUM(E12:E15) -> 0 | M6: =SUM(F12:F15) -> 0 | N6: =SUM(J6:M6) -> 0
B7: 0.03125 | C7: ='Hourly Bike-Ped Counts'!D38 -> 0 | D7: ='Hourly Bike-Ped Counts'!D39 -> 0 | E7: ='Hourly Bike-Ped Counts'!D40 -> 0 | F7: ='Hourly Bike-Ped Counts'!D42 -> 0 | G7: =SUM(C7:F7) -> 0 | I7: 0.125 | J7: =SUM(C16:C19) -> 0 | K7: =SUM(D16:D19) -> 0 | L7: =SUM(E16:E19) -> 0 | M7: =SUM(F16:F19) -> 0 | N7: =SUM(J7:M7) -> 0
B8: 0.041666667 | C8: ='Hourly Bike-Ped Counts'!D47 -> 0 | D8: ='Hourly Bike-Ped Counts'!D48 -> 0 | E8: ='Hourly Bike-Ped Counts'!D49 -> 0 | F8: ='Hourly Bike-Ped Counts'!D50 -> 0 | G8: =SUM(C8:F8) -> 0 | I8: 0.16666667 | J8: =SUM(C20:C23) -> 0 | K8: =SUM(D20:D23) -> 0 | L8: =SUM(E20:E23) -> 0 | M8: =SUM(F20:F23) -> 0 | N8: =SUM(J8:M8) -> 0
B9: 0.052083333 | C9: ='Hourly Bike-Ped Counts'!D56 -> 0 | D9: ='Hourly Bike-Ped Counts'!D57 -> 0 | E9: ='Hourly Bike-Ped Counts'!D58 -> 0 | F9: ='Hourly Bike-Ped Counts'!D59 -> 0 | G9: =SUM(C9:F9) -> 0 | I9: 0.20833333 | J9: =SUM(C24:C27) -> 2 | K9: =SUM(D24:D27) -> 1 | L9: =SUM(E24:E27) -> 0 | M9: =SUM(F24:F27) -> 0 | N9: =SUM(J9:M9) -> 3
B10: 0.0625 | C10: ='Hourly Bike-Ped Counts'!D565 -> 0 | D10: ='Hourly Bike-Ped Counts'!D66 -> 0 | E10: ='Hourly Bike-Ped Counts'!D67 -> 0 | F10: ='Hourly Bike-Ped Counts'!D68 -> 0 | G10: =SUM(C10:F10) -> 0 | I10: 0.25 | J10: =SUM(C28:C31) -> 36 | K10: =SUM(D28:D31) -> 0 | L10: =SUM(E28:E31) -> 0 | M10: =SUM(F28:F31) -> 0 | N10: =SUM(J10:M10) -> 36
B11: 0.072916667 | C11: ='Hourly Bike-Ped Counts'!D74 -> 0 | D11: ='Hourly Bike-Ped Counts'!D75 -> 0 | E11: ='Hourly Bike-Ped Counts'!D76 -> 0 | F11: ='Hourly Bike-Ped Counts'!D77 -> 0 | G11: =SUM(C11:F11) -> 0 | I11: 0.29166667 | J11: =SUM(C32:C35) -> 19 | K11: =SUM(D32:D35) -> 9 | L11: =SUM(E32:E35) -> 1 | M11: =SUM(F32:F35) -> 0 | N11: =SUM(J11:M11) -> 29
B12: 0.083333333 | C12: ='Hourly Bike-Ped Counts'!D83 -> 0 | D12: ='Hourly Bike-Ped Counts'!D84 -> 0 | E12: ='Hourly Bike-Ped Counts'!D85 -> 0 | F12: ='Hourly Bike-Ped Counts'!D86 -> 0 | G12: =SUM(C12:F12) -> 0 | I12: 0.33333333 | J12: =SUM(C36:C39) -> 75 | K12: =SUM(D36:D39) -> 70 | L12: =SUM(E36:E39) -> 37 | M12: =SUM(F36:F39) -> 0 | N12: =SUM(J12:M12) -> 182
B13: 0.09375 | C13: ='Hourly Bike-Ped Counts'!D92 -> 0 | D13: ='Hourly Bike-Ped Counts'!D93 -> 0 | E13: ='Hourly Bike-Ped Counts'!D94 -> 0 | F13: ='Hourly Bike-Ped Counts'!D95 -> 0 | G13: =SUM(C13:F13) -> 0 | I13: 0.375 | J13: =SUM(C40:C43) -> 82 | K13: =SUM(D40:D43) -> 35 | L13: =SUM(E40:E43) -> 19 | M13: =SUM(F40:F43) -> 1 | N13: =SUM(J13:M13) -> 137
B14: 0.10416667 | C14: ='Hourly Bike-Ped Counts'!D101 -> 0 | D14: ='Hourly Bike-Ped Counts'!D102 -> 0 | E14: ='Hourly Bike-Ped Counts'!D103 -> 0 | F14: ='Hourly Bike-Ped Counts'!D104 -> 0 | G14: =SUM(C14:F14) -> 0 | I14: 0.41666667 | J14: =SUM(C44:C47) -> 4 | K14: =SUM(D44:D47) -> 6 | L14: =SUM(E44:E47) -> 0 | M14: =SUM(F44:F47) -> 0 | N14: =SUM(J14:M14) -> 10
B15: 0.11458333 | C15: ='Hourly Bike-Ped Counts'!D110 -> 0 | D15: ='Hourly Bike-Ped Counts'!D111 -> 0 | E15: ='Hourly Bike-Ped Counts'!D112 -> 0 | F15: ='Hourly Bike-Ped Counts'!D113 -> 0 | G15: =SUM(C15:F15) -> 0 | I15: 0.45833333 | J15: =SUM(C48:C51) -> 6 | K15: =SUM(D48:D51) -> 9 | L15: =SUM(E48:E51) -> 0 | M15: =SUM(F48:F51) -> 0 | N15: =SUM(J15:M15) -> 15
B16: 0.125 | C16: ='Hourly Bike-Ped Counts'!D119 -> 0 | D16: ='Hourly Bike-Ped Counts'!D120 -> 0 | E16: ='Hourly Bike-Ped Counts'!D121 -> 0 | F16: ='Hourly Bike-Ped Counts'!D122 -> 0 | G16: =SUM(C16:F16) -> 0 | I16: 0.5 | J16: =SUM(C52:C55) -> 6 | K16: =SUM(D52:D55) -> 3 | L16: =SUM(E52:E55) -> 0 | M16: =SUM(F52:F55) -> 0 | N16: =SUM(J16:M16) -> 9
B17: 0.13541667 | C17: ='Hourly Bike-Ped Counts'!D128 -> 0 | D17: ='Hourly Bike-Ped Counts'!D129 -> 0 | E17: ='Hourly Bike-Ped Counts'!D130 -> 0 | F17: ='Hourly Bike-Ped Counts'!D131 -> 0 | G17: =SUM(C17:F17) -> 0 | I17: 0.54166667 | J17: =SUM(C56:C59) -> 4 | K17: =SUM(D56:D59) -> 0 | L17: =SUM(E56:E59) -> 0 | M17: =SUM(F56:F59) -> 0 | N17: =SUM(J17:M17) -> 4
B18: 0.14583333 | C18: ='Hourly Bike-Ped Counts'!D137 -> 0 | D18: ='Hourly Bike-Ped Counts'!D138 -> 0 | E18: ='Hourly Bike-Ped Counts'!D139 -> 0 | F18: ='Hourly Bike-Ped Counts'!D140 -> 0 | G18: =SUM(C18:F18) -> 0 | I18: 0.58333333 | J18: =SUM(C60:C63) -> 7 | K18: =SUM(D60:D63) -> 2 | L18: =SUM(E60:E63) -> 0 | M18: =SUM(F60:F63) -> 0 | N18: =SUM(J18:M18) -> 9
B19: 0.15625 | C19: ='Hourly Bike-Ped Counts'!D146 -> 0 | D19: ='Hourly Bike-Ped Counts'!D147 -> 0 | E19: ='Hourly Bike-Ped Counts'!D148 -> 0 | F19: ='Hourly Bike-Ped Counts'!D149 -> 0 | G19: =SUM(C19:F19) -> 0 | I19: 0.625 | J19: =SUM(C64:C67) -> 122 | K19: =SUM(D64:D67) -> 108 | L19: =SUM(E64:E67) -> 42 | M19: =SUM(F64:F67) -> 1 | N19: =SUM(J19:M19) -> 273
B20: 0.16666667 | C20: ='Hourly Bike-Ped Counts'!D155 -> 0 | D20: ='Hourly Bike-Ped Counts'!D156 -> 0 | E20: ='Hourly Bike-Ped Counts'!D157 -> 0 | F20: ='Hourly Bike-Ped Counts'!D158 -> 0 | G20: =SUM(C20:F20) -> 0 | I20: 0.66666667 | J20: =SUM(C68:C71) -> 6 | K20: =SUM(D68:D71) -> 4 | L20: =SUM(E68:E71) -> 5 | M20: =SUM(F68:F71) -> 0 | N20: =SUM(J20:M20) -> 15
B21: 0.17708333 | C21: ='Hourly Bike-Ped Counts'!D164 -> 0 | D21: ='Hourly Bike-Ped Counts'!D165 -> 0 | E21: ='Hourly Bike-Ped Counts'!D166 -> 0 | F21: ='Hourly Bike-Ped Counts'!D167 -> 0 | G21: =SUM(C21:F21) -> 0 | I21: 0.70833333 | J21: =SUM(C72:C75) -> 5 | K21: =SUM(D72:D75) -> 4 | L21: =SUM(E72:E75) -> 1 | M21: =SUM(F72:F75) -> 0 | N21: =SUM(J21:M21) -> 10
B22: 0.1875 | C22: ='Hourly Bike-Ped Counts'!D173 -> 0 | D22: ='Hourly Bike-Ped Counts'!D174 -> 0 | E22: ='Hourly Bike-Ped Counts'!D175 -> 0 | F22: ='Hourly Bike-Ped Counts'!D176 -> 0 | G22: =SUM(C22:F22) -> 0 | I22: 0.75 | J22: =SUM(C76:C79) -> 0 | K22: =SUM(D76:D79) -> 5 | L22: =SUM(E76:E79) -> 3 | M22: =SUM(F76:F79) -> 0 | N22: =SUM(J22:M22) -> 8
B23: 0.19791667 | C23: ='Hourly Bike-Ped Counts'!D182 -> 0 | D23: ='Hourly Bike-Ped Counts'!D183 -> 0 | E23: ='Hourly Bike-Ped Counts'!D184 -> 0 | F23: ='Hourly Bike-Ped Counts'!D185 -> 0 | G23: =SUM(C23:F23) -> 0 | I23: 0.79166667 | J23: =SUM(C80:C83) -> 15 | K23: =SUM(D80:D83) -> 6 | L23: =SUM(E80:E83) -> 0 | M23: =SUM(F80:F83) -> 0 | N23: =SUM(J23:M23) -> 21
B24: 0.20833333 | C24: ='Hourly Bike-Ped Counts'!D191 -> 0 | D24: ='Hourly Bike-Ped Counts'!D192 -> 0 | E24: ='Hourly Bike-Ped Counts'!D193 -> 0 | F24: ='Hourly Bike-Ped Counts'!D194 -> 0 | G24: =SUM(C24:F24) -> 0 | I24: 0.83333333 | J24: =SUM(C84:C87) -> 21 | K24: =SUM(D84:D87) -> 8 | L24: =SUM(E84:E87) -> 0 | M24: =SUM(F84:F87) -> 0 | N24: =SUM(J24:M24) -> 29
B25: 0.21875 | C25: ='Hourly Bike-Ped Counts'!D200 -> 0 | D25: ='Hourly Bike-Ped Counts'!D201 -> 0 | E25: ='Hourly Bike-Ped Counts'!D202 -> 0 | F25: ='Hourly Bike-Ped Counts'!D203 -> 0 | G25: =SUM(C25:F25) -> 0 | I25: 0.875 | J25: =SUM(C88:C91) -> 6 | K25: =SUM(D88:D91) -> 2 | L25: =SUM(E88:E91) -> 0 | M25: =SUM(F88:F91) -> 0 | N25: =SUM(J25:M25) -> 8
B26: 0.22916667 | C26: ='Hourly Bike-Ped Counts'!D209 -> 0 | D26: ='Hourly Bike-Ped Counts'!D210 -> 0 | E26: ='Hourly Bike-Ped Counts'!D211 -> 0 | F26: ='Hourly Bike-Ped Counts'!D212 -> 0 | G26: =SUM(C26:F26) -> 0 | I26: 0.91666667 | J26: =SUM(C92:C95) -> 2 | K26: =SUM(D92:D95) -> 0 | L26: =SUM(E92:E95) -> 0 | M26: =SUM(F92:F95) -> 0 | N26: =SUM(J26:M26) -> 2
B27: 0.23958333 | C27: ='Hourly Bike-Ped Counts'!D218 -> 2 | D27: ='Hourly Bike-Ped Counts'!D219 -> 1 | E27: ='Hourly Bike-Ped Counts'!D220 -> 0 | F27: ='Hourly Bike-Ped Counts'!D221 -> 0 | G27: =SUM(C27:F27) -> 3 | I27: 0.95833333 | J27: =SUM(C96:C99) -> 1 | K27: =SUM(D96:D99) -> 0 | L27: =SUM(E96:E99) -> 0 | M27: =SUM(F96:F99) -> 0 | N27: =SUM(J27:M27) -> 1
B28: 0.25 | C28: ='Hourly Bike-Ped Counts'!D227 -> 4 | D28: ='Hourly Bike-Ped Counts'!D228 -> 0 | E28: ='Hourly Bike-Ped Counts'!D229 -> 0 | F28: ='Hourly Bike-Ped Counts'!D230 -> 0 | G28: =SUM(C28:F28) -> 4 | I28: Total | J28: =SUM(J4:J27) -> 419 | K28: =SUM(K4:K27) -> 272 | L28: =SUM(L4:L27) -> 108 | M28: =SUM(M4:M27) -> 2 | N28: =SUM(N4:N27) -> 801
B29: 0.26041667 | C29: ='Hourly Bike-Ped Counts'!D236 -> 12 | D29: ='Hourly Bike-Ped Counts'!D237 -> 0 | E29: ='Hourly Bike-Ped Counts'!D238 -> 0 | F29: ='Hourly Bike-Ped Counts'!D239 -> 0 | G29: =SUM(C29:F29) -> 12
B30: 0.27083333 | C30: ='Hourly Bike-Ped Counts'!D245 -> 8 | D30: ='Hourly Bike-Ped Counts'!D246 -> 0 | E30: ='Hourly Bike-Ped Counts'!D247 -> 0 | F30: ='Hourly Bike-Ped Counts'!D248 -> 0 | G30: =SUM(C30:F30) -> 8
B31: 0.28125 | C31: ='Hourly Bike-Ped Counts'!D254 -> 12 | D31: ='Hourly Bike-Ped Counts'!D255 -> 0 | E31: ='Hourly Bike-Ped Counts'!D256 -> 0 | F31: ='Hourly Bike-Ped Counts'!D257 -> 0 | G31: =SUM(C31:F31) -> 12
B32: 0.29166667 | C32: ='Hourly Bike-Ped Counts'!D263 -> 6 | D32: ='Hourly Bike-Ped Counts'!D264 -> 2 | E32: ='Hourly Bike-Ped Counts'!D265 -> 1 | F32: ='Hourly Bike-Ped Counts'!D266 -> 0 | G32: =SUM(C32:F32) -> 9
B33: 0.30208333 | C33: ='Hourly Bike-Ped Counts'!D272 -> 5 | D33: ='Hourly Bike-Ped Counts'!D273 -> 3 | E33: ='Hourly Bike-Ped Counts'!D274 -> 0 | F33: ='Hourly Bike-Ped Counts'!D275 -> 0 | G33: =SUM(C33:F33) -> 8
B34: 0.3125 | C34: ='Hourly Bike-Ped Counts'!D281 -> 3 | D34: ='Hourly Bike-Ped Counts'!D282 -> 1 | E34: ='Hourly Bike-Ped Counts'!D283 -> 0 | F34: ='Hourly Bike-Ped Counts'!D284 -> 0 | G34: =SUM(C34:F34) -> 4
B35: 0.32291667 | C35: ='Hourly Bike-Ped Counts'!D290 -> 5 | D35: ='Hourly Bike-Ped Counts'!D291 -> 3 | E35: ='Hourly Bike-Ped Counts'!D292 -> 0 | F35: ='Hourly Bike-Ped Counts'!D293 -> 0 | G35: =SUM(C35:F35) -> 8
B36: 0.33333333 | C36: ='Hourly Bike-Ped Counts'!D299 -> 4 | D36: ='Hourly Bike-Ped Counts'!D300 -> 2 | E36: ='Hourly Bike-Ped Counts'!D301 -> 0 | F36: ='Hourly Bike-Ped Counts'!D302 -> 0 | G36: =SUM(C36:F36) -> 6
B37: 0.34375 | C37: ='Hourly Bike-Ped Counts'!D308 -> 5 | D37: ='Hourly Bike-Ped Counts'!D309 -> 2 | E37: ='Hourly Bike-Ped Counts'!D310 -> 0 | F37: ='Hourly Bike-Ped Counts'!D311 -> 0 | G37: =SUM(C37:F37) -> 7
B38: 0.35416667 | C38: ='Hourly Bike-Ped Counts'!D317 -> 9 | D38: ='Hourly Bike-Ped Counts'!D318 -> 6 | E38: ='Hourly Bike-Ped Counts'!D319 -> 2 | F38: ='Hourly Bike-Ped Counts'!D320 -> 0 | G38: =SUM(C38:F38) -> 17
B39: 0.36458333 | C39: ='Hourly Bike-Ped Counts'!D326 -> 57 | D39: ='Hourly Bike-Ped Counts'!D327 -> 60 | E39: ='Hourly Bike-Ped Counts'!D328 -> 35 | F39: ='Hourly Bike-Ped Counts'!D329 -> 0 | G39: =SUM(C39:F39) -> 152
B40: 0.375 | C40: ='Hourly Bike-Ped Counts'!D335 -> 41 | D40: ='Hourly Bike-Ped Counts'!D336 -> 23 | E40: ='Hourly Bike-Ped Counts'!D337 -> 17 | F40: ='Hourly Bike-Ped Counts'!D338 -> 1 | G40: =SUM(C40:F40) -> 82
B41: 0.38541667 | C41: ='Hourly Bike-Ped Counts'!D344 -> 34 | D41: ='Hourly Bike-Ped Counts'!D345 -> 12 | E41: ='Hourly Bike-Ped Counts'!D346 -> 2 | F41: ='Hourly Bike-Ped Counts'!D347 -> 0 | G41: =SUM(C41:F41) -> 48
B42: 0.39583333 | C42: ='Hourly Bike-Ped Counts'!D353 -> 6 | D42: ='Hourly Bike-Ped Counts'!D354 -> 0 | E42: ='Hourly Bike-Ped Counts'!D355 -> 0 | F42: ='Hourly Bike-Ped Counts'!D356 -> 0 | G42: =SUM(C42:F42) -> 6
B43: 0.40625 | C43: ='Hourly Bike-Ped Counts'!D362 -> 1 | D43: ='Hourly Bike-Ped Counts'!D363 -> 0 | E43: ='Hourly Bike-Ped Counts'!D364 -> 0 | F43: ='Hourly Bike-Ped Counts'!D365 -> 0 | G43: =SUM(C43:F43) -> 1
B44: 0.41666667 | C44: ='Hourly Bike-Ped Counts'!D371 -> 0 | D44: ='Hourly Bike-Ped Counts'!D372 -> 0 | E44: ='Hourly Bike-Ped Counts'!D373 -> 0 | F44: ='Hourly Bike-Ped Counts'!D374 -> 0 | G44: =SUM(C44:F44) -> 0
B45: 0.42708333 | C45: ='Hourly Bike-Ped Counts'!D380 -> 3 | D45: ='Hourly Bike-Ped Counts'!D381 -> 2 | E45: ='Hourly Bike-Ped Counts'!D382 -> 0 | F45: ='Hourly Bike-Ped Counts'!D383 -> 0 | G45: =SUM(C45:F45) -> 5
B46: 0.4375 | C46: ='Hourly Bike-Ped Counts'!D389 -> 1 | D46: ='Hourly Bike-Ped Counts'!D390 -> 2 | E46: ='Hourly Bike-Ped Counts'!D391 -> 0 | F46: ='Hourly Bike-Ped Counts'!D392 -> 0 | G46: =SUM(C46:F46) -> 3
B47: 0.44791667 | C47: ='Hourly Bike-Ped Counts'!D398 -> 0 | D47: ='Hourly Bike-Ped Counts'!D399 -> 2 | E47: ='Hourly Bike-Ped Counts'!D400 -> 0 | F47: ='Hourly Bike-Ped Counts'!D401 -> 0 | G47: =SUM(C47:F47) -> 2
B48: 0.45833333 | C48: ='Hourly Bike-Ped Counts'!D407 -> 1 | D48: ='Hourly Bike-Ped Counts'!D408 -> 0 | E48: ='Hourly Bike-Ped Counts'!D409 -> 0 | F48: ='Hourly Bike-Ped Counts'!D410 -> 0 | G48: =SUM(C48:F48) -> 1
B49: 0.46875 | C49: ='Hourly Bike-Ped Counts'!D416 -> 2 | D49: ='Hourly Bike-Ped Counts'!D417 -> 4 | E49: ='Hourly Bike-Ped Counts'!D418 -> 0 | F49: ='Hourly Bike-Ped Counts'!D419 -> 0 | G49: =SUM(C49:F49) -> 6
B50: 0.47916667 | C50: ='Hourly Bike-Ped Counts'!D425 -> 3 | D50: ='Hourly Bike-Ped Counts'!D426 -> 0 | E50: ='Hourly Bike-Ped Counts'!D427 -> 0 | F50: ='Hourly Bike-Ped Counts'!D428 -> 0 | G50: =SUM(C50:F50) -> 3
B51: 0.48958333 | C51: ='Hourly Bike-Ped Counts'!D434 -> 0 | D51: ='Hourly Bike-Ped Counts'!D435 -> 5 | E51: ='Hourly Bike-Ped Counts'!D436 -> 0 | F51: ='Hourly Bike-Ped Counts'!D437 -> 0 | G51: =SUM(C51:F51) -> 5
B52: 0.5 | C52: ='Hourly Bike-Ped Counts'!D443 -> 3 | D52: ='Hourly Bike-Ped Counts'!D444 -> 0 | E52: ='Hourly Bike-Ped Counts'!D445 -> 0 | F52: ='Hourly Bike-Ped Counts'!D446 -> 0 | G52: =SUM(C52:F52) -> 3
B53: 0.51041667 | C53: ='Hourly Bike-Ped Counts'!D452 -> 0 | D53: ='Hourly Bike-Ped Counts'!D453 -> 3 | E53: ='Hourly Bike-Ped Counts'!D454 -> 0 | F53: ='Hourly Bike-Ped Counts'!D455 -> 0 | G53: =SUM(C53:F53) -> 3
B54: 0.52083333 | C54: ='Hourly Bike-Ped Counts'!D461 -> 1 | D54: ='Hourly Bike-Ped Counts'!D462 -> 0 | E54: ='Hourly Bike-Ped Counts'!D463 -> 0 | F54: ='Hourly Bike-Ped Counts'!D464 -> 0 | G54: =SUM(C54:F54) -> 1
B55: 0.53125 | C55: ='Hourly Bike-Ped Counts'!D470 -> 2 | D55: ='Hourly Bike-Ped Counts'!D471 -> 0 | E55: ='Hourly Bike-Ped Counts'!D472 -> 0 | F55: ='Hourly Bike-Ped Counts'!D473 -> 0 | G55: =SUM(C55:F55) -> 2
B56: 0.54166667 | C56: ='Hourly Bike-Ped Counts'!D479 -> 1 | D56: ='Hourly Bike-Ped Counts'!D480 -> 0 | E56: ='Hourly Bike-Ped Counts'!D481 -> 0 | F56: ='Hourly Bike-Ped Counts'!D482 -> 0 | G56: =SUM(C56:F56) -> 1
B57: 0.55208333 | C57: ='Hourly Bike-Ped Counts'!D488 -> 2 | D57: ='Hourly Bike-Ped Counts'!D489 -> 0 | E57: ='Hourly Bike-Ped Counts'!D490 -> 0 | F57: ='Hourly Bike-Ped Counts'!D491 -> 0 | G57: =SUM(C57:F57) -> 2
B58: 0.5625 | C58: ='Hourly Bike-Ped Counts'!D497 -> 0 | D58: ='Hourly Bike-Ped Counts'!D498 -> 0 | E58: ='Hourly Bike-Ped Counts'!D499 -> 0 | F58: ='Hourly Bike-Ped Counts'!D500 -> 0 | G58: =SUM(C58:F58) -> 0
B59: 0.57291667 | C59: ='Hourly Bike-Ped Counts'!D506 -> 1 | D59: ='Hourly Bike-Ped Counts'!D507 -> 0 | E59: ='Hourly Bike-Ped Counts'!D508 -> 0 | F59: ='Hourly Bike-Ped Counts'!D509 -> 0 | G59: =SUM(C59:F59) -> 1
B60: 0.58333333 | C60: ='Hourly Bike-Ped Counts'!D515 -> 0 | D60: ='Hourly Bike-Ped Counts'!D516 -> 2 | E60: ='Hourly Bike-Ped Counts'!D517 -> 0 | F60: ='Hourly Bike-Ped Counts'!D518 -> 0 | G60: =SUM(C60:F60) -> 2
B61: 0.59375 | C61: ='Hourly Bike-Ped Counts'!D524 -> 1 | D61: ='Hourly Bike-Ped Counts'!D525 -> 0 | E61: ='Hourly Bike-Ped Counts'!D526 -> 0 | F61: ='Hourly Bike-Ped Counts'!D527 -> 0 | G61: =SUM(C61:F61) -> 1
B62: 0.60416667 | C62: ='Hourly Bike-Ped Counts'!D533 -> 0 | D62: ='Hourly Bike-Ped Counts'!D534 -> 0 | E62: ='Hourly Bike-Ped Counts'!D535 -> 0 | F62: ='Hourly Bike-Ped Counts'!D536 -> 0 | G62: =SUM(C62:F62) -> 0
B63: 0.61458333 | C63: ='Hourly Bike-Ped Counts'!D542 -> 6 | D63: ='Hourly Bike-Ped Counts'!D543 -> 0 | E63: ='Hourly Bike-Ped Counts'!D544 -> 0 | F63: ='Hourly Bike-Ped Counts'!D545 -> 0 | G63: =SUM(C63:F63) -> 6
B64: 0.625 | C64: ='Hourly Bike-Ped Counts'!D551 -> 3 | D64: ='Hourly Bike-Ped Counts'!D552 -> 8 | E64: ='Hourly Bike-Ped Counts'!D553 -> 0 | F64: ='Hourly Bike-Ped Counts'!D554 -> 0 | G64: =SUM(C64:F64) -> 11
B65: 0.63541667 | C65: ='Hourly Bike-Ped Counts'!D560 -> 16 | D65: ='Hourly Bike-Ped Counts'!D561 -> 10 | E65: ='Hourly Bike-Ped Counts'!D562 -> 3 | F65: ='Hourly Bike-Ped Counts'!D563 -> 0 | G65: =SUM(C65:F65) -> 29
B66: 0.64583333 | C66: ='Hourly Bike-Ped Counts'!D569 -> 101 | D66: ='Hourly Bike-Ped Counts'!D570 -> 85 | E66: ='Hourly Bike-Ped Counts'!D571 -> 39 | F66: ='Hourly Bike-Ped Counts'!D572 -> 1 | G66: =SUM(C66:F66) -> 226
B67: 0.65625 | C67: ='Hourly Bike-Ped Counts'!D578 -> 2 | D67: ='Hourly Bike-Ped Counts'!D579 -> 5 | E67: ='Hourly Bike-Ped Counts'!D580 -> 0 | F67: ='Hourly Bike-Ped Counts'!D581 -> 0 | G67: =SUM(C67:F67) -> 7
B68: 0.66666667 | C68: ='Hourly Bike-Ped Counts'!D587 -> 0 | D68: ='Hourly Bike-Ped Counts'!D588 -> 0 | E68: ='Hourly Bike-Ped Counts'!D589 -> 0 | F68: ='Hourly Bike-Ped Counts'!D590 -> 0 | G68: =SUM(C68:F68) -> 0
B69: 0.67708333 | C69: ='Hourly Bike-Ped Counts'!D596 -> 1 | D69: ='Hourly Bike-Ped Counts'!D597 -> 0 | E69: ='Hourly Bike-Ped Counts'!D598 -> 3 | F69: ='Hourly Bike-Ped Counts'!D599 -> 0 | G69: =SUM(C69:F69) -> 4
B70: 0.6875 | C70: ='Hourly Bike-Ped Counts'!D605 -> 5 | D70: ='Hourly Bike-Ped Counts'!D606 -> 4 | E70: ='Hourly Bike-Ped Counts'!D607 -> 1 | F70: ='Hourly Bike-Ped Counts'!D608 -> 0 | G70: =SUM(C70:F70) -> 10
B71: 0.69791667 | C71: ='Hourly Bike-Ped Counts'!D614 -> 0 | D71: ='Hourly Bike-Ped Counts'!D615 -> 0 | E71: ='Hourly Bike-Ped Counts'!D616 -> 1 | F71: ='Hourly Bike-Ped Counts'!D617 -> 0 | G71: =SUM(C71:F71) -> 1
B72: 0.70833333 | C72: ='Hourly Bike-Ped Counts'!D623 -> 5 | D72: ='Hourly Bike-Ped Counts'!D624 -> 0 | E72: ='Hourly Bike-Ped Counts'!D625 -> 0 | F72: ='Hourly Bike-Ped Counts'!D626 -> 0 | G72: =SUM(C72:F72) -> 5
B73: 0.71875 | C73: ='Hourly Bike-Ped Counts'!D632 -> 0 | D73: ='Hourly Bike-Ped Counts'!D633 -> 2 | E73: ='Hourly Bike-Ped Counts'!D634 -> 0 | F73: ='Hourly Bike-Ped Counts'!D635 -> 0 | G73: =SUM(C73:F73) -> 2
B74: 0.72916667 | C74: ='Hourly Bike-Ped Counts'!D641 -> 0 | D74: ='Hourly Bike-Ped Counts'!D642 -> 1 | E74: ='Hourly Bike-Ped Counts'!D643 -> 1 | F74: ='Hourly Bike-Ped Counts'!D644 -> 0 | G74: =SUM(C74:F74) -> 2
B75: 0.73958333 | C75: ='Hourly Bike-Ped Counts'!D650 -> 0 | D75: ='Hourly Bike-Ped Counts'!D651 -> 1 | E75: ='Hourly Bike-Ped Counts'!D652 -> 0 | F75: ='Hourly Bike-Ped Counts'!D653 -> 0 | G75: =SUM(C75:F75) -> 1
B76: 0.75 | C76: ='Hourly Bike-Ped Counts'!D659 -> 0 | D76: ='Hourly Bike-Ped Counts'!D660 -> 1 | E76: ='Hourly Bike-Ped Counts'!D661 -> 0 | F76: ='Hourly Bike-Ped Counts'!D662 -> 0 | G76: =SUM(C76:F76) -> 1
B77: 0.76041667 | C77: ='Hourly Bike-Ped Counts'!D668 -> 0 | D77: ='Hourly Bike-Ped Counts'!D669 -> 0 | E77: ='Hourly Bike-Ped Counts'!D670 -> 1 | F77: ='Hourly Bike-Ped Counts'!D671 -> 0 | G77: =SUM(C77:F77) -> 1
B78: 0.77083333 | C78: ='Hourly Bike-Ped Counts'!D677 -> 0 | D78: ='Hourly Bike-Ped Counts'!D678 -> 2 | E78: ='Hourly Bike-Ped Counts'!D679 -> 2 | F78: ='Hourly Bike-Ped Counts'!D680 -> 0 | G78: =SUM(C78:F78) -> 4
B79: 0.78125 | C79: ='Hourly Bike-Ped Counts'!D686 -> 0 | D79: ='Hourly Bike-Ped Counts'!D687 -> 2 | E79: ='Hourly Bike-Ped Counts'!D688 -> 0 | F79: ='Hourly Bike-Ped Counts'!D689 -> 0 | G79: =SUM(C79:F79) -> 2
B80: 0.79166667 | C80: ='Hourly Bike-Ped Counts'!D695 -> 1 | D80: ='Hourly Bike-Ped Counts'!D696 -> 0 | E80: ='Hourly Bike-Ped Counts'!D697 -> 0 | F80: ='Hourly Bike-Ped Counts'!D698 -> 0 | G80: =SUM(C80:F80) -> 1
B81: 0.80208333 | C81: ='Hourly Bike-Ped Counts'!D704 -> 7 | D81: ='Hourly Bike-Ped Counts'!D705 -> 1 | E81: ='Hourly Bike-Ped Counts'!D706 -> 0 | F81: ='Hourly Bike-Ped Counts'!D707 -> 0 | G81: =SUM(C81:F81) -> 8
B82: 0.8125 | C82: ='Hourly Bike-Ped Counts'!D713 -> 5 | D82: ='Hourly Bike-Ped Counts'!D714 -> 3 | E82: ='Hourly Bike-Ped Counts'!D715 -> 0 | F82: ='Hourly Bike-Ped Counts'!D716 -> 0 | G82: =SUM(C82:F82) -> 8
B83: 0.82291667 | C83: ='Hourly Bike-Ped Counts'!D722 -> 2 | D83: ='Hourly Bike-Ped Counts'!D723 -> 2 | E83: ='Hourly Bike-Ped Counts'!D724 -> 0 | F83: ='Hourly Bike-Ped Counts'!D725 -> 0 | G83: =SUM(C83:F83) -> 4
B84: 0.83333333 | C84: ='Hourly Bike-Ped Counts'!D731 -> 3 | D84: ='Hourly Bike-Ped Counts'!D732 -> 5 | E84: ='Hourly Bike-Ped Counts'!D733 -> 0 | F84: ='Hourly Bike-Ped Counts'!D734 -> 0 | G84: =SUM(C84:F84) -> 8
B85: 0.84375 | C85: ='Hourly Bike-Ped Counts'!D740 -> 3 | D85: ='Hourly Bike-Ped Counts'!D741 -> 0 | E85: ='Hourly Bike-Ped Counts'!D742 -> 0 | F85: ='Hourly Bike-Ped Counts'!D743 -> 0 | G85: =SUM(C85:F85) -> 3
B86: 0.85416667 | C86: ='Hourly Bike-Ped Counts'!D749 -> 10 | D86: ='Hourly Bike-Ped Counts'!D750 -> 2 | E86: ='Hourly Bike-Ped Counts'!D751 -> 0 | F86: ='Hourly Bike-Ped Counts'!D752 -> 0 | G86: =SUM(C86:F86) -> 12
B87: 0.86458333 | C87: ='Hourly Bike-Ped Counts'!D758 -> 5 | D87: ='Hourly Bike-Ped Counts'!D759 -> 1 | E87: ='Hourly Bike-Ped Counts'!D760 -> 0 | F87: ='Hourly Bike-Ped Counts'!D761 -> 0 | G87: =SUM(C87:F87) -> 6
B88: 0.875 | C88: ='Hourly Bike-Ped Counts'!D767 -> 0 | D88: ='Hourly Bike-Ped Counts'!D768 -> 0 | E88: ='Hourly Bike-Ped Counts'!D769 -> 0 | F88: ='Hourly Bike-Ped Counts'!D770 -> 0 | G88: =SUM(C88:F88) -> 0
B89: 0.88541667 | C89: ='Hourly Bike-Ped Counts'!D776 -> 0 | D89: ='Hourly Bike-Ped Counts'!D777 -> 0 | E89: ='Hourly Bike-Ped Counts'!D778 -> 0 | F89: ='Hourly Bike-Ped Counts'!D779 -> 0 | G89: =SUM(C89:F89) -> 0
B90: 0.89583333 | C90: ='Hourly Bike-Ped Counts'!D785 -> 2 | D90: ='Hourly Bike-Ped Counts'!D786 -> 2 | E90: ='Hourly Bike-Ped Counts'!D787 -> 0 | F90: ='Hourly Bike-Ped Counts'!D788 -> 0 | G90: =SUM(C90:F90) -> 4
B91: 0.90625 | C91: ='Hourly Bike-Ped Counts'!D794 -> 4 | D91: ='Hourly Bike-Ped Counts'!D795 -> 0 | E91: ='Hourly Bike-Ped Counts'!D796 -> 0 | F91: ='Hourly Bike-Ped Counts'!D797 -> 0 | G91: =SUM(C91:F91) -> 4
B92: 0.91666667 | C92: ='Hourly Bike-Ped Counts'!D803 -> 0 | D92: ='Hourly Bike-Ped Counts'!D804 -> 0 | E92: ='Hourly Bike-Ped Counts'!D805 -> 0 | F92: ='Hourly Bike-Ped Counts'!D806 -> 0 | G92: =SUM(C92:F92) -> 0
B93: 0.92708333 | C93: ='Hourly Bike-Ped Counts'!D812 -> 2 | D93: ='Hourly Bike-Ped Counts'!D813 -> 0 | E93: ='Hourly Bike-Ped Counts'!D814 -> 0 | F93: ='Hourly Bike-Ped Counts'!D815 -> 0 | G93: =SUM(C93:F93) -> 2
B94: 0.9375 | C94: ='Hourly Bike-Ped Counts'!D821 -> 0 | D94: ='Hourly Bike-Ped Counts'!D822 -> 0 | E94: ='Hourly Bike-Ped Counts'!D823 -> 0 | F94: ='Hourly Bike-Ped Counts'!D824 -> 0 | G94: =SUM(C94:F94) -> 0
B95: 0.94791667 | C95: ='Hourly Bike-Ped Counts'!D830 -> 0 | D95: ='Hourly Bike-Ped Counts'!D831 -> 0 | E95: ='Hourly Bike-Ped Counts'!D832 -> 0 | F95: ='Hourly Bike-Ped Counts'!D833 -> 0 | G95: =SUM(C95:F95) -> 0
B96: 0.95833333 | C96: ='Hourly Bike-Ped Counts'!D839 -> 1 | D96: ='Hourly Bike-Ped Counts'!D840 -> 0 | E96: ='Hourly Bike-Ped Counts'!D841 -> 0 | F96: ='Hourly Bike-Ped Counts'!D842 -> 0 | G96: =SUM(C96:F96) -> 1
B97: 0.96875 | C97: ='Hourly Bike-Ped Counts'!D848 -> 0 | D97: ='Hourly Bike-Ped Counts'!D849 -> 0 | E97: ='Hourly Bike-Ped Counts'!D850 -> 0 | F97: ='Hourly Bike-Ped Counts'!D851 -> 0 | G97: =SUM(C97:F97) -> 0
B98: 0.97916667 | C98: ='Hourly Bike-Ped Counts'!D857 -> 0 | D98: ='Hourly Bike-Ped Counts'!D858 -> 0 | E98: ='Hourly Bike-Ped Counts'!D859 -> 0 | F98: ='Hourly Bike-Ped Counts'!D860 -> 0 | G98: =SUM(C98:F98) -> 0
B99: 0.98958333 | C99: ='Hourly Bike-Ped Counts'!D866 -> 0 | D99: ='Hourly Bike-Ped Counts'!D867 -> 0 | E99: ='Hourly Bike-Ped Counts'!D868 -> 0 | F99: ='Hourly Bike-Ped Counts'!D869 -> 0 | G99: =SUM(C99:F99) -> 0
B100: Total | C100: =SUM(C4:C99) -> 419 | D100: =SUM(D4:D99) -> 272 | E100: =SUM(E4:E99) -> 108 | F100: =SUM(F4:F99) -> 2 | G100: =SUM(G4:G99) -> 801

Sheet Charts
B14: From | V14: To
H17: Sidewalk N-W | I17: Bike Lane N-W | J17: Road N | M17: Bike Lane N-E | N17: Sidewalk N-E | AB17: Sidewalk N-W | AC17: Bike Lane N-W | AD17: Road N | AG17: Bike Lane N-E | AH17: Sidewalk N-E
H19: =H20/'Hourly Bike-Ped Counts'!$G$883 -> 0.11985019 | I19: =I20/'Hourly Bike-Ped Counts'!$G$883 -> 0.016229713 | J19: =J20/'Hourly Bike-Ped Counts'!$G$883 -> 0.0012484395 | M19: =M20/'Hourly Bike-Ped Counts'!$G$883 -> 0 | N19: =N20/'Hourly Bike-Ped Counts'!$G$883 -> 0.072409488 | AB19: =AB20/'Hourly Bike-Ped Counts'!$Y$883 -> 0.14481898 | AC19: =AC20/'Hourly Bike-Ped Counts'!$Y$883 -> 0.0087390762 | AD19: =AD20/'Hourly Bike-Ped Counts'!$Y$883 -> 0.0012484395 | AG19: =AG20/'Hourly Bike-Ped Counts'!$Y$883 -> 0.0099875156 | AH19: =AH20/'Hourly Bike-Ped Counts'!$Y$883 -> 0.081148564
H20: ='Hourly Bike-Ped Counts'!S881 -> 96 | I20: ='Hourly Bike-Ped Counts'!K881 -> 13 | J20: ='Hourly Bike-Ped Counts'!H881 -> 1 | M20: ='Hourly Bike-Ped Counts'!L881 -> 0 | N20: ='Hourly Bike-Ped Counts'!T881 -> 58 | AB20: ='Hourly Bike-Ped Counts'!AK881 -> 116 | AC20: ='Hourly Bike-Ped Counts'!AC881 -> 7 | AD20: ='Hourly Bike-Ped Counts'!Z881 -> 1 | AG20: ='Hourly Bike-Ped Counts'!AD881 -> 8 | AH20: ='Hourly Bike-Ped Counts'!AL881 -> 65
B24: Sidewalk W-N | C24: =D24/'Hourly Bike-Ped Counts'!$G$883 -> 0.057428215 | D24: ='Hourly Bike-Ped Counts'!R881 -> 46 | R24: ='Hourly Bike-Ped Counts'!U881 -> 52 | S24: =R24/'Hourly Bike-Ped Counts'!$G$883 -> 0.064918851 | T24: Sidewalk E-N | V24: Sidewalk W-N | W24: =X24/'Hourly Bike-Ped Counts'!$Y$883 -> 0.064918851 | X24: ='Hourly Bike-Ped Counts'!AJ881 -> 52 | AL24: ='Hourly Bike-Ped Counts'!AM881 -> 44 | AM24: =AL24/'Hourly Bike-Ped Counts'!$Y$883 -> 0.054931336 | AN24: Sidewalk E-N
B25: Bikeway W | C25: =D25/'Hourly Bike-Ped Counts'!$G$883 -> 0.063670412 | D25: ='Hourly Bike-Ped Counts'!O881 -> 51 | R25: ='Hourly Bike-Ped Counts'!P881 -> 86 | S25: =R25/'Hourly Bike-Ped Counts'!$G$883 -> 0.10736579 | T25: Bikeway E | V25: Bikeway W | W25: =X25/'Hourly Bike-Ped Counts'!$Y$883 -> 0.072409488 | X25: ='Hourly Bike-Ped Counts'!AG881 -> 58 | AL25: ='Hourly Bike-Ped Counts'!AH881 -> 76 | AM25: =AL25/'Hourly Bike-Ped Counts'!$Y$883 -> 0.094881398 | AN25: Bikeway E
B27: Road W | C27: =D27/'Hourly Bike-Ped Counts'!$G$883 -> 0.0062421973 | D27: ='Hourly Bike-Ped Counts'!G881 -> 5 | R27: ='Hourly Bike-Ped Counts'!I881 -> 6 | S27: =R27/'Hourly Bike-Ped Counts'!$G$883 -> 0.0074906367 | T27: Road E | V27: Road W | W27: =X27/'Hourly Bike-Ped Counts'!$Y$883 -> 0.0087390762 | X27: ='Hourly Bike-Ped Counts'!Y881 -> 7 | AL27: ='Hourly Bike-Ped Counts'!AA881 -> 4 | AM27: =AL27/'Hourly Bike-Ped Counts'!$Y$883 -> 0.0049937578 | AN27: Road E
B29: Sidewalk W-S | C29: =D29/'Hourly Bike-Ped Counts'!$G$883 -> 0.042446941 | D29: ='Hourly Bike-Ped Counts'!Q881 -> 34 | R29: ='Hourly Bike-Ped Counts'!V881 -> 55 | S29: =R29/'Hourly Bike-Ped Counts'!$G$883 -> 0.06866417 | T29: Trail E-S | V29: Sidewalk W-S | W29: =X29/'Hourly Bike-Ped Counts'!$Y$883 -> 0.032459426 | X29: ='Hourly Bike-Ped Counts'!AI881 -> 26 | AL29: ='Hourly Bike-Ped Counts'!AN881 -> 37 | AM29: =AL29/'Hourly Bike-Ped Counts'!$Y$883 -> 0.04619226 | AN29: Trail E-S
H33: ='Hourly Bike-Ped Counts'!X881 -> 252 | I33: ='Hourly Bike-Ped Counts'!N881 -> 1 | J33: ='Hourly Bike-Ped Counts'!J881 -> 1 | M33: ='Hourly Bike-Ped Counts'!M881 -> 7 | N33: ='Hourly Bike-Ped Counts'!W881 -> 37 | AB33: ='Hourly Bike-Ped Counts'!AP881 -> 252 | AC33: ='Hourly Bike-Ped Counts'!AF881 -> 4 | AD33: ='Hourly Bike-Ped Counts'!AB881 -> 0 | AG33: ='Hourly Bike-Ped Counts'!AE881 -> 0 | AH33: ='Hourly Bike-Ped Counts'!AO881 -> 44
H34: =H33/'Hourly Bike-Ped Counts'!$G$883 -> 0.31460674 | I34: =I33/'Hourly Bike-Ped Counts'!$G$883 -> 0.0012484395 | J34: =J33/'Hourly Bike-Ped Counts'!$G$883 -> 0.0012484395 | M34: =M33/'Hourly Bike-Ped Counts'!$G$883 -> 0.0087390762 | N34: =N33/'Hourly Bike-Ped Counts'!$G$883 -> 0.04619226 | AB34: =AB33/'Hourly Bike-Ped Counts'!$Y$883 -> 0.31460674 | AC34: =AC33/'Hourly Bike-Ped Counts'!$Y$883 -> 0.0049937578 | AD34: =AD33/'Hourly Bike-Ped Counts'!$Y$883 -> 0 | AG34: =AG33/'Hourly Bike-Ped Counts'!$Y$883 -> 0 | AH34: =AH33/'Hourly Bike-Ped Counts'!$Y$883 -> 0.054931336
H36: Sidewalk S-W | I36: Bike Lane S-W | J36: Road S | M36: Bike Lane S-E | N36: Sidewalk S-E | AB36: Sidewalk S-W | AC36: Bike Lane S-W | AD36: Road S | AG36: Bike Lane S-E | AH36: Sidewalk S-E
